state,year,vehicle_segment,ev_share,ice_share,total_registrations,conversion_pressure,ev_yoy_growth,ice_yoy_change,transition_index,ev_share_t-1,ev_share_t-2,transition_index_t-1,ev_yoy_growth_t-1,ice_yoy_change_t-1,infra_yoy_growth_t-1,fast_charger_index_t-1,stations_per_10k_vehicles_t-1,avg_ev_subsidy_rs,subsidy_yoy_change,fuel_price_rs_per_litre,fuel_price_yoy_change,avg_income_index,high_infra_flag,high_subsidy_flag,ev_share_t+1,ev_share_t+2,ev_share_t+3,ev_vehicle_registrations,ice_vehicle_registrations,charging_stations,fast_charger_pct,road_tax_exemption,registration_fee_waiver,policy_start_year,ev_adoption_rate,prev_year_ev,prev_year_ice,ice_to_ev_conversion_rate,yoy_growth_rate,segment_market_share,stations_per_1000_evs,infrastructure_gap,infrastructure_status,policy_score,policy_roi,policy_strength_category,fast_charging_score,fast_charging_category,economic_viability_index,economic_favorability,fuel_to_income_ratio,policy_age_years,policy_maturity_stage,cagr
Assam,2021,2W,0.1426932169161096,0.8573067830838502,24848328.999999,0.166443393763233,0.1702060318108864,0.0724745863844935,0.0977314454263929,0.1323532713564177,0.1326572794652079,-0.0026049434062318,-0.0163546509532854,-0.0137497075470536,-0.6190028222013171,1.539,0.1769096478410734,46441.94756554307,-0.0419522766353378,102.97767790262172,0.0015157154413425,0.997378277153558,0,0,0.1310555046974043,0.1344356898771625,0.1329424002521605,3545687.9999998566,21302640.999999143,439.59091328291316,100.0,0,0,2018,14.269321691611534,3029968.9999998673,19863072.999999132,2.596370531570349,17.02059756367264,36.271924655785426,0.12397901712810912,-9.876020982871891,Severe Shortage,4.644194756554307,3.072507170693774,Moderate,439.59091328291316,Very High,0.9685383254579734,Neutral,1.0324836650394293,6,Established,5.544833831175389
Assam,2021,3W,0.1381051708805135,0.8618948291194435,23216045.999999,0.1602341793689949,0.0632443940388787,0.0146398705628434,0.0486045234760352,0.1326292355907259,0.1335665883095617,-0.0077489007893413,-0.0500264464340787,-0.0422775456447374,-0.6190028222013171,1.539,0.1781267712934384,51117.88617886179,0.0119889839872029,102.53878048780489,-0.0023664424657952,1.0009756097560976,0,1,0.127233815290171,0.134108695919414,0.1347597972408094,3206255.9999998617,20009789.99999914,413.53993161799457,100.0,1,1,2018,13.810517088051943,3015539.9999998678,19721075.999999136,0.9670668594823817,6.324437306606089,32.799579675132065,0.12897907453990337,-9.871020925460096,Severe Shortage,9.111788617886178,1.5156757544772599,Very Strong,413.53993161799457,Very High,0.9761922318504123,Neutral,1.0243884015594542,6,Established,4.951336315004595
Assam,2021,4W,0.132377547073495,0.8676224529264613,22838857.999999,0.1525748832941185,0.0299323519171952,0.0601241707274742,-0.0301918188102789,0.1357313971268485,0.1333210570427954,0.0203719320736727,-0.0057571861524059,-0.0261291182260786,-0.6190028222013171,1.539,0.1872644455158652,51764.705882352944,0.0626587198756154,102.46258823529412,-0.0035118633494254,1.0107843137254902,0,1,0.1283852500819285,0.1318110690706499,0.1381974622542351,3023351.9999998678,19815505.999999136,427.6906079585582,100.0,1,1,2018,13.237754707350078,2935485.999999864,18691683.99999914,0.4700806802597399,2.9932341720473565,30.928495669082505,0.1414623927212501,-9.85853760727875,Severe Shortage,9.176470588235293,1.442575833493278,Very Strong,427.6906079585582,Very High,0.9864910999557562,Neutral,1.01369388942774,6,Established,0.8241333050766242
Bihar,2021,2W,0.1326120371956951,0.8673879628042593,21936620.999999,0.1528864706405323,0.0266586954327512,0.0215428756451161,0.005115819787635,0.1320384855063255,0.1293612633063686,0.0240973923783986,0.0347231174009972,0.0106257250225985,-0.2033707865168539,2.0561,0.3303848926543206,46137.33905579399,-0.0772532188841201,102.6184120171674,0.0106879218661986,1.0164377682403434,1,0,0.1282116163827698,0.1238274695267271,0.1252522881528053,2909059.999999866,19027560.999999136,724.7528174283515,100.0,0,0,2018,13.26120371957011,2833521.999999868,18626296.999999136,0.40554489142180145,2.6658686024430076,34.808398019898945,0.2491364280655555,-9.750863571934444,Severe Shortage,4.613733905579399,2.8742888061951963,Moderate,724.7528174283515,Very High,0.9905023360430678,Neutral,1.009588734535321,6,Established,-5.0402619371219926
Bihar,2021,3W,0.1314001761350306,0.8685998238649207,20531973.999999,0.1512779777831124,-0.1270370795805877,-0.0716379945646733,-0.0553990850159143,0.1385833438561336,0.1426751364299483,-0.0340695953957781,-0.0107414297749859,0.0233281656207922,-0.2033707865168539,2.0561,0.3179262703787034,48642.533936651584,0.0293387826594657,102.74004524886878,0.0041598663144546,0.9798642533936652,1,0,0.1305219325640912,0.1319474910759347,0.13302361379999,2697904.9999998687,17834068.999999132,652.7653917332509,100.0,0,0,2018,13.1400176135037,3090514.999999861,19210252.99999914,-2.0437522585594636,-12.70370384751316,32.28181992116877,0.24195269727187677,-9.758047302728123,Severe Shortage,4.864253393665158,2.701343155892389,Moderate,652.7653917332509,Very High,0.9537315766409534,Neutral,1.048513045486031,6,Established,-0.3535028940772178
Bihar,2021,4W,0.1324074776136332,0.8675925223863187,20772134.999998998,0.152614645219395,-0.0660809495706952,-0.112315083179629,0.0462341336089338,0.1266829727413766,0.1328136340955406,-0.0551688095431027,-0.0114082710888528,0.0437605384542498,-0.2033707865168539,2.0561,0.3049861141822474,50744.68085106383,0.0148936170212765,101.90634042553192,-0.0035035566396289,0.9626808510638296,1,1,0.1318365780364656,0.1383560536686395,0.1352537032909385,2750385.9999998664,18021748.999999132,633.5212736919058,100.0,1,1,2018,13.240747761363957,2944993.9999998724,20301965.99999913,-0.9585672166643479,-6.608092713230905,32.90978205893228,0.23033904102621836,-9.769660958973782,Severe Shortage,9.074468085106382,1.4591210897634375,Very Strong,633.5212736919058,Very High,0.9446721833439881,Neutral,1.0585682712283961,6,Established,2.3901219579642863
Chhattisgarh,2021,2W,0.1367216572113046,0.8632783427886517,22852655.999998998,0.1583747582441305,0.0422340470244928,0.0821780364222009,-0.039943989397708,0.1412215754224132,0.129844398039508,0.0938943683274252,0.0141518513644578,-0.0797425169629674,2.9866220735785958,3.4568,0.561524315905325,51619.43319838057,-0.0457266337150095,102.5021862348178,0.0007483999412838,1.0175303643724696,1,1,0.132006517299874,0.1268988122543995,0.1377708654937599,3124452.9999998636,19728202.999999136,1283.2322027019723,100.0,1,1,2018,13.67216572113106,2997841.999999859,18230089.999999143,0.6945165550737548,4.223403293635144,34.95803853419512,0.41070619487700033,-9.589293805122999,Severe Shortage,9.161943319838056,1.4922779200704253,Very Strong,1283.2322027019723,Very High,0.9926913773736041,Neutral,1.0073624318624914,6,Established,3.6891065501619025
Chhattisgarh,2021,3W,0.1345190864055812,0.8654809135943707,20800170.999999,0.1554268024468815,-0.1417235038166651,-0.1670380539003572,0.0253145500836921,0.1310715335937681,0.1288345670068456,0.0212502332908774,0.0847089426695981,0.0634587093787206,2.9866220735785958,3.4568,0.4792488078568304,47345.13274336283,-0.0924802765286689,102.67907079646018,0.0061580140774335,0.9860176991150442,1,0,0.1251360781998517,0.131232425306645,0.1303141680010803,2798019.999999864,18002150.999999136,996.8457154968215,100.0,0,0,2018,13.451908640558766,3260044.9999998678,21612212.999999132,-2.1377957852907725,-14.1723460343818,31.30573286890478,0.3562682595181128,-9.643731740481886,Severe Shortage,4.734513274336283,2.841244254921758,Moderate,996.8457154968215,Very High,0.960290827981506,Neutral,1.0413511936815654,6,Established,-2.95755417074014
Chhattisgarh,2021,4W,0.1343749832880789,0.8656250167118766,22439079.999999,0.1552344554043199,-0.0098266930471976,-0.0413191907584804,0.0314924977112828,0.1306595952351106,0.1349807960868096,-0.0352742516112655,-0.0773852084716923,-0.0421109568604268,2.9866220735785958,3.4568,0.5114525025768056,45630.081300813006,-0.1275319062942064,102.69065040650408,0.0046573621234546,0.986341463414634,1,0,0.1328309100691592,0.1337307660747609,0.1336980800110391,3015250.9999998654,19423828.999999136,1147.6523621521146,100.0,0,0,2018,13.437498328808486,3045174.9999998678,20260996.999999132,-0.1476926259999809,-0.9826689820228331,33.736228596900084,0.38061586320746293,-9.619384136792537,Severe Shortage,4.5630081300813,2.9448771393201674,Moderate,1147.6523621521146,Very High,0.9604978247875257,Neutral,1.0411267721727664,6,Established,0.8761201569253307
Delhi,2021,2W,0.1304350590968769,0.8695649409030789,22644256.999999,0.1500001931554667,-0.0430181037625045,-0.0839615207726364,0.0409434170101318,0.1255552020422198,0.1315714282835321,-0.056703548504295,0.0276728734650877,0.0843764219693827,1.0404984423676011,3.144,0.2664571132937581,48100.0,-0.0270266159695816,101.61456,-0.0033490425990863,1.00096,0,0,0.1403957269917448,0.1196079403885095,0.1289872684936625,2953604.999999868,19690651.999999132,603.3723352901975,100.0,0,0,2018,13.043505909688264,3086374.999999873,21495441.99999913,-0.6176658001419651,-4.301808982444463,32.72295494341683,0.2042833538303952,-9.795716646169605,Severe Shortage,4.81,2.7117475903717807,Moderate,603.3723352901975,Very High,0.9850556849333403,Neutral,1.0151710358056265,6,Established,-2.4729908458638428
Delhi,2021,3W,0.1365676825729054,0.8634323174270484,21589360.999999,0.158168187185392,0.1611383721113404,-0.0246994289184767,0.1858378010298171,0.1172735998663919,0.1274524133133363,-0.0897330466795494,-0.0979208668235712,-0.0081878201440218,1.0404984423676011,3.144,0.3025086556489895,51639.34426229508,0.0056631892697467,102.4391393442623,-0.0039115706507293,0.9922950819672132,0,1,0.1295402127345394,0.1258734188643618,0.1290763643306555,2948408.9999998636,18640951.99999914,653.0968572430723,100.0,1,1,2018,13.656768257291171,2539239.999999881,19113032.999999117,2.1407851835559004,16.113830865207436,32.665388520727895,0.22150822943597803,-9.778491770564022,Severe Shortage,9.163934426229508,1.490273459203509,Very Strong,653.0968572430723,Very High,0.9686679215767858,Neutral,1.0323455311415828,6,Established,-5.6225093032793545
Delhi,2021,4W,0.1317657690518015,0.8682342309481563,23709351.999999,0.1517627531745131,0.0568370067390218,0.0056442352575643,0.0511927714814575,0.1261885078683698,0.1323337652828667,-0.0558824711243918,-0.0043469576853679,0.0515355134390238,1.0404984423676011,3.144,0.2796062221137163,51346.15384615384,-0.0115384615384616,101.88296153846154,-0.0080356358367292,0.996346153846154,0,1,0.1249301324178938,0.1330500123460265,0.1321423648852609,3124080.999999868,20585270.999999132,662.9282341484283,100.0,1,1,2018,13.176576905180706,2956066.999999873,20469734.999999125,0.8207922173495669,5.683698751179018,34.61165653585528,0.21219943853839135,-9.787800561461609,Severe Shortage,9.134615384615383,1.442488419093467,Very Strong,662.9282341484283,Very High,0.9779320691124848,Neutral,1.0225659139162322,6,Established,-3.40084063001862
Gujarat,2021,2W,0.1411265799826717,0.8588734200172888,25351701.999999,0.1643157331194366,0.2860731801653224,0.1085660862392294,0.1775070939260929,0.1240645399117244,0.1338958512971076,-0.0828349980117846,-0.0946422934355646,-0.01180729542378,0.4565217391304348,2.814,0.3585530829551119,48464.1638225256,-0.0268083232412199,102.6139590443686,0.0107398125289377,1.0085324232081911,0,0,0.1371354725066676,0.1270603900241489,0.1228822856611124,3577798.999999858,21773902.999999143,908.9930910259277,100.0,0,0,2018,14.112657998267725,2781955.999999876,19641501.999999125,4.051843690373477,28.607307733369613,36.928078063200374,0.25406488487082807,-9.745935115129171,Severe Shortage,4.84641638225256,2.9119780235862276,Moderate,908.9930910259277,Very High,0.9828413527755208,Neutral,1.01745820642978,6,Established,2.1084179147133675
Gujarat,2021,3W,0.1343425526018547,0.8656574473981054,25031956.999999,0.1551911761568847,0.1255155485389598,0.1205027424241405,0.0050128061148193,0.1338242910340791,0.1374408185676833,-0.0290672681359559,-0.0722386103934816,-0.0431713422575257,0.4565217391304348,2.814,0.3601091021471823,48523.9852398524,-0.0645978748944114,102.1380811808118,-0.0045158780542003,0.9553874538745388,0,0,0.1331844151476065,0.1283700914095162,0.1277112315777263,3362856.9999998654,21669099.999999136,901.4235560256874,100.0,0,0,2018,13.434255260186006,2987836.999999867,19338729.999999136,1.939217211305206,12.551550653014498,34.70956468247092,0.2680528955069227,-9.731947104493077,Severe Shortage,4.85239852398524,2.7685803616048728,Moderate,901.4235560256874,Very High,0.935388097004923,Neutral,1.0690749681356453,6,Established,6.994076284115236
Gujarat,2021,4W,0.1240390978756332,0.8759609021243216,22153530.999998998,0.1416033021240105,-0.2087284789951536,-0.131318741332493,-0.0774097376626606,0.1345411718215735,0.1354074111715579,-0.0075822165022083,0.018180997250172,0.0257632137523804,0.4565217391304348,2.814,0.3114836343974463,52551.02040816326,0.0284178187403993,102.3605306122449,0.0004856584130548,1.0179591836734694,1,1,0.1348051203904313,0.1272272357251393,0.1344981529824877,2747903.9999998743,19405626.999999125,690.0462350616493,100.0,1,1,2018,12.403909787563881,3472769.999999864,22339179.999999136,-3.2448190468577063,-20.872841889085635,28.362357254328696,0.2511173006996172,-9.748882699300383,Severe Shortage,9.255102040816325,1.3402239902770237,Very Strong,690.0462350616493,Very High,0.9944840824727963,Neutral,1.005546511627907,6,Established,-6.790570096381288
Haryana,2021,2W,0.1318335315964476,0.8681664684035059,21482394.999999,0.1518526510085427,-0.0867121961538783,-0.0947318303174707,0.0080196341635924,0.130827344275707,0.1313409022188847,-0.0044193321696409,-0.022053508693365,-0.0176341765237241,0.601115760111576,4.706799999999999,0.4843278999093666,47351.69491525424,-0.0187359607923218,102.74686440677964,0.0022481190170431,0.980635593220339,1,0,0.1344650865144187,0.1316082808443538,0.1294242392122332,2832099.9999998678,18650294.999999132,1040.4523255373479,100.0,0,0,2018,13.183353159645373,3100993.999999869,20601955.999999132,-1.305186686876459,-8.671216819118145,32.64107951487291,0.3673783854868813,-9.632621614513118,Severe Shortage,4.735169491525424,2.784135432372535,Moderate,1040.4523255373479,Very High,0.9544189974868302,Neutral,1.0477578533465841,6,Established,1.6242292612752784
Haryana,2021,3W,0.1330981651605986,0.8669018348393573,22666615.999999,0.1535329679539721,-0.0248770868409629,-0.0100628863011684,-0.0148142005397944,0.1348475428038379,0.1310241466822966,0.0339010320022097,0.0389971817439336,0.0050961497417238,0.601115760111576,4.706799999999999,0.5003633952357109,51562.5,-0.0034653465346534,102.58945833333334,0.0040068231113008,0.9877916666666666,1,1,0.1365204389479359,0.1283328158066564,0.1366426955181965,3016884.999999867,19649730.999999136,1134.1544940264089,100.0,1,1,2018,13.309816516060447,3093850.999999864,19849473.999999136,-0.3877482905719197,-2.487707880014965,34.77080017380304,0.37593560710019075,-9.62406439289981,Severe Shortage,9.15625,1.4536318379315165,Very Strong,1134.1544940264089,Very High,0.9628588382415835,Neutral,1.038573838950521,6,Established,-0.3780353324303265
Haryana,2021,4W,0.1268110230269965,0.8731889769729586,22296996.999999,0.1452273003254178,0.0116003793807764,0.0157206566974934,-0.004120277316717,0.1272617966103936,0.1319816287761711,-0.0384248338652134,-0.1006838144186933,-0.0622589805534798,0.601115760111576,4.706799999999999,0.522691623041407,50100.4016064257,0.0440348590831316,102.39738955823292,7.837876033089941e-05,1.0183132530120482,1,1,0.1374469234186725,0.1282802927183235,0.1251481185330918,2827504.999999872,19469491.99999913,1165.4453550879384,100.0,1,1,2018,12.681102302700218,2795080.9999998715,19168155.99999913,0.16915554270555036,1.1600375230494833,32.58812031132405,0.41218153640329236,-9.587818463596708,Severe Shortage,9.010040160642571,1.407441262925052,Very Strong,1165.4453550879384,Very High,0.9944718878140328,Neutral,1.0055588420886572,6,Established,-0.39537846522553766
Jharkhand,2021,2W,0.1305698973306189,0.8694301026693366,22454991.999999,0.1501785442569766,-0.0920319380241545,-0.0897865649400765,-0.002245373084078,0.130850541139986,0.1241396757324707,0.0682359773704053,0.1653201723695545,0.0970841949991492,-0.9126838235294118,0.513,0.0384958340260236,51315.78947368421,0.0400523296769648,102.68230769230767,0.0048249931577755,1.0089473684210526,0,1,0.1374490315986167,0.1279924823630958,0.1381928461791661,2931945.999999869,19523045.999999132,86.44236450876878,51.300000000000004,1,1,2018,13.056989733062471,3229128.999999869,21448865.999999132,-1.3855417164925867,-9.203190952362155,30.77793718728767,0.02948293198741472,-9.970517068012585,Severe Shortage,9.131578947368421,1.4298720745140459,Very Strong,44.34493299299838,Low,0.9825912477974399,Neutral,1.0177171863087355,6,Established,-2.9201096862443987
Jharkhand,2021,3W,0.1414596387304426,0.8585403612695114,21723114.999999,0.1647674126279349,0.1824245339284684,0.1059623156729079,0.0764622182555605,0.1335335716044004,0.1307814436053921,0.0199332058699407,-0.1593252993964519,-0.1792585052663926,-0.9126838235294118,0.513,0.0488127029105202,49568.96551724138,-0.0248728094968909,103.12491379310345,0.0082157294379323,1.0275,0,0,0.1239069739012863,0.1367498110796236,0.1222126032389829,3072943.9999998584,18650170.999999143,106.0363958786065,51.300000000000004,0,0,2018,14.14596387304491,2598849.999999867,16863296.999999136,2.811395493337163,18.242446373417174,32.25805571182156,0.034506452404798583,-9.965493547595202,Severe Shortage,4.956896551724138,2.8537944509099296,Moderate,54.39667108572513,Medium,0.996364469270194,Neutral,1.003648796039936,6,Established,1.060000123160787
Jharkhand,2021,4W,0.1350476276166143,0.8649523723833474,26074052.999999,0.1561328412935087,0.026138678722662,-0.0050721314316156,0.0312108101542777,0.1314801134174615,0.1372654951454124,-0.0541712734145103,0.0621216538867006,0.1162929273012109,-0.9126838235294118,0.513,0.0363994004151296,52238.80597014925,0.054021925769383,102.35638059701492,-0.0069726559364234,0.9697388059701492,0,1,0.1330419911283569,0.1327192206426228,0.1313138489788563,3521238.9999998645,22552813.999999136,94.90798955923113,51.300000000000004,1,1,2018,13.504762761661945,3431542.9999998687,22667787.999999132,0.3956980541860489,2.613867110548466,36.964007100890775,0.02695300988067972,-9.97304699011932,Severe Shortage,9.223880597014926,1.4641085841931234,Very Strong,48.68779864388557,Low,0.9474141233931344,Neutral,1.0555046365770135,6,Established,0.16043820397397823
Karnataka,2021,2W,0.126164419169799,0.8738355808301546,21520385.999999,0.1443798782719091,-0.0268751090914238,-0.0273918693545732,0.0005167602631493,0.1261058706063028,0.125887086512148,0.0017212936523908,-0.1327544839637857,-0.1344757776161765,-0.3614457831325302,1.0176,0.1437288849527885,50312.5,0.044787234042553,102.68129166666668,-0.0026295410336956,0.9894166666666668,1,1,0.1320144761377766,0.1325092610806888,0.1381635019644965,2715106.9999998743,18805278.99999913,309.31010835336,100.0,1,1,2018,12.616441916980486,2790090.999999873,19334897.999999125,-0.3878168693821571,-2.687509945908666,30.442627327297522,0.113921885344988,-9.886078114655012,Severe Shortage,9.03125,1.3969762676241368,Very Strong,309.31010835336,Very High,0.963580269206781,Neutral,1.0377962604228081,6,Established,-4.091358096056008
Karnataka,2021,3W,0.1288217014058583,0.871178298594097,22346754.999999,0.1478704804094287,-0.0910621677814947,-0.0895610084599519,-0.0015011593215428,0.1290070103141442,0.1311546662995396,-0.0200186732694449,0.0447836278839004,0.0648023011533454,-0.3614457831325302,1.0176,0.1295302227494051,49680.85106382979,0.0749309890856584,101.85731914893616,-0.0049561083860641,1.0170212765957447,1,0,0.1282610848759261,0.1282729360134524,0.1331300142189931,2878746.999999871,19468007.999999132,289.4580152876382,100.0,0,0,2018,12.882170140586405,3167154.99999987,21383099.99999913,-1.3487660185489974,-9.10621390294671,32.27741009491555,0.10055000154152177,-9.899449998458477,Severe Shortage,4.968085106382979,2.592984996177991,Moderate,289.4580152876382,High,0.9984763835268945,Neutral,1.0015259414225939,6,Established,-6.397143573224573
Karnataka,2021,4W,0.1341721146005866,0.865827885399373,24780953.999999,0.1549637773273159,-0.0292202142369967,0.029789394648561,-0.0590096088855577,0.1411764705882295,0.1352294031563669,0.0580152907472977,0.1909755486063467,0.1329602578590489,-0.3614457831325302,1.0176,0.1310780218714487,47423.6641221374,-0.1285185038695303,102.2552290076336,0.00082093093022,1.0182442748091602,1,0,0.1280212523844458,0.1377320644333549,0.1249587635018384,3324912.9999998645,21456040.999999136,324.82384304073645,100.0,0,0,2018,13.4172114600592,3424991.9999998594,20835367.999999143,-0.48033226577364185,-2.922020570552961,37.27996257778693,0.09769393756791522,-9.902306062432086,Severe Shortage,4.74236641221374,2.8292228591835094,Moderate,324.82384304073645,Very High,0.9957869975853713,Neutral,1.0042308268985682,6,Established,-0.9577728214386405
Kerala,2021,2W,0.1387071746387985,0.8612928253611594,23675602.999999,0.1610451283342656,-0.0604594741510027,-0.0733189363095524,0.0128594621585497,0.1370689165320322,0.129138854486802,0.0743891625424366,0.1197497614128586,0.0453605988704219,-0.8533007334963325,0.264,0.0235291247924273,49511.71875,0.0271979371316306,103.563984375,0.021935457013392,1.0097265625,0,0,0.1278595502163701,0.1298256205140279,0.1278174988056677,3283975.9999998617,20391626.99999914,55.70662175229661,26.400000000000002,0,0,2018,13.870717463880435,3495299.9999998626,22005010.999999136,-0.9603448523454985,-6.045945685364701,36.853202767601616,0.016963163479970303,-9.98303683652003,Severe Shortage,4.951171875,2.8015019098646086,Moderate,14.706548142606307,Low,0.9749784817507896,Neutral,1.0256636620372162,6,Established,2.760435453040744
Kerala,2021,3W,0.1327486257770926,0.8672513742228578,20169398.999999,0.153068045384192,-0.1950904443257312,-0.1903785326814064,-0.0047119116443247,0.1334220484339954,0.1276174458022794,0.054126575867436,0.0853570598876014,0.0312304840201653,-0.8533007334963325,0.264,0.0240659464594998,50348.83720930233,0.0143809849521203,102.33367441860466,-0.0045588589434731,1.0046511627906978,1,1,0.1382629320175061,0.1351032702020886,0.136343907408394,2677459.9999998654,17491938.999999136,48.53956764542888,26.400000000000002,1,1,2018,13.274862577709914,3326410.999999866,21605082.999999136,-3.0036957967857307,-19.509038567682737,30.046801889581964,0.018128960897802887,-9.981871039102197,Severe Shortage,9.034883720930232,1.469289809115898,Very Strong,12.814445858393226,Low,0.981740535066772,Neutral,1.018599074074074,6,Established,-1.6113421013316143
Kerala,2021,4W,0.1321998930578535,0.8678001069421017,22311129.999999,0.1523389311217756,-0.1855718267779804,-0.1780997573642072,-0.0074720694137732,0.1332511587285191,0.1354025497328866,-0.0212038808676828,0.1354838244437246,0.1566877053114075,-0.8533007334963325,0.264,0.0220761005048045,51310.48387096774,0.0775201612903226,102.7271370967742,0.0008147977479551,0.9893951612903226,1,1,0.1261164907415635,0.1345422317491498,0.1353741430053081,2949528.9999998673,19361600.999999136,49.254274825575884,26.400000000000002,1,1,2018,13.219989305785942,3621594.999999865,23557117.999999136,-2.8529210214543737,-18.557177553764216,33.09999534281643,0.016699030531850373,-9.98330096946815,Severe Shortage,9.131048387096774,1.4478062918237642,Very Strong,13.003128553952035,Low,0.9631293047310974,Neutral,1.0382821860863187,6,Established,-1.1548568015812832
Madhya Pradesh,2021,2W,0.1289475712495954,0.8710524287503612,22964689.999999,0.1480363511507983,0.0749519196911825,0.0750564764155541,-0.0001045567243715,0.1289584960860637,0.1291424289189336,-0.0014724994620423,-0.1009310967516214,-0.0994585972895791,1.0154241645244215,4.8608,0.3670128819803543,51214.574898785424,0.0752743327165808,102.32870445344128,-0.0006184212891048,0.9669635627530364,1,1,0.1327826521513122,0.1358168966543816,0.1324755519562972,2961240.999999871,20003448.999999132,842.8337060685423,100.0,1,1,2018,12.894757124960101,2754765.99999987,18606881.999999132,1.1096700075988577,7.4951892483106795,30.800633769496187,0.28462178730761156,-9.71537821269239,Severe Shortage,9.121457489878543,1.4136728849823101,Very Strong,842.8337060685423,Very High,0.9449582772671542,Neutral,1.0582477809412156,6,Established,2.3020108147769447
Madhya Pradesh,2021,3W,0.1368392985959888,0.8631607014039696,24017997.999999,0.1585326345844745,0.1931700523794379,0.05967783560946,0.1334922167699779,0.1234191784268865,0.1341148875562285,-0.0817346684056633,-0.1833430825602883,-0.1016084141546249,1.0154241645244215,4.8608,0.3512799919961571,50094.69696969697,-0.0491830065359476,103.26568181818182,0.0041703316375016,0.9706060606060608,1,1,0.135534883757073,0.1304404008887402,0.1412408886742402,3286605.999999862,20731391.99999914,843.7042145203717,100.0,1,1,2018,13.68392985959945,2754515.9999998766,19563862.999999125,2.719759245924064,19.316998225097517,34.18483931251423,0.2567098747219494,-9.743290125278051,Severe Shortage,9.009469696969697,1.5188385465353185,Very Strong,843.7042145203717,Very High,0.9399115403266216,Neutral,1.063929909459881,6,Established,3.2454492620417996
Madhya Pradesh,2021,4W,0.1326803055485763,0.8673196944513843,25372069.999999,0.1529772163830381,0.2893025058559848,0.2412330850325224,0.0480694208234624,0.1283685571165148,0.1312164841054011,-0.0245620330558056,-0.0381536704640689,-0.0135916374082633,1.0154241645244215,4.8608,0.3854492322871701,52211.53846153846,0.0223849372384936,101.60173076923076,-0.0120743989914142,1.011346153846154,1,1,0.1362608036192638,0.131036295995234,0.1283171364303401,3366373.9999998664,22005695.999999136,977.964490303634,100.0,1,1,2018,13.268030554858152,2611003.9999998705,17728898.999999132,4.260670430765772,28.93023950547905,35.01452691798958,0.2905097562848551,-9.709490243715145,Severe Shortage,9.221153846153847,1.4388687984413429,Very Strong,977.964490303634,Very High,0.995402485950989,Neutral,1.004618748811561,6,Established,5.539283731031386
Maharashtra,2021,2W,0.1311543748517194,0.8688456251482405,24924078.999999,0.1509522751836001,0.0254246433021356,0.136039738560336,-0.1106150952582003,0.1432752710457507,0.1353758846048887,0.0675690510918974,0.059627065753776,-0.0079419853381214,1.5505050505050506,1.515,0.2269679139608378,50284.09090909091,0.0651084710743801,102.74628787878788,0.0111738659616957,0.972689393939394,0,1,0.1301189614311097,0.1367842306628708,0.1331381917148927,3268901.9999998678,21655176.999999132,565.6966218025124,100.0,1,1,2018,13.115437485172466,3187851.9999998566,19061988.999999143,0.4251917034895875,2.542463532666494,34.69110618173937,0.173054016854141,-9.826945983145858,Severe Shortage,9.02840909090909,1.4526853350474225,Very Strong,565.6966218025124,Very High,0.9466905462189522,Neutral,1.056311382842011,6,Established,5.097111086768513
Maharashtra,2021,3W,0.1344218612967997,0.8655781387031564,22741047.999999,0.1552970205568906,0.1093947618928374,0.0051147912381064,0.104279970654731,0.1233450854893532,0.1269087130312773,-0.0322275961814745,-0.0260938441049479,0.0061337520765265,1.5505050505050506,1.515,0.2260575204811213,49797.57085020243,0.022213827594419,102.15279352226722,-0.0033504851183691,0.9997975708502024,1,0,0.1242658670655555,0.1396697705016766,0.1328277485967594,3056893.999999864,19684153.999999136,514.0784924022163,100.0,0,0,2018,13.44218612968056,2755460.9999998747,19583985.999999125,1.539180964529862,10.939472219177873,32.44117882405823,0.1681702055754106,-9.83182979442459,Severe Shortage,4.979757085020243,2.6993658325456082,Moderate,514.0784924022163,Very High,0.9787275867617531,Neutral,1.021734764122292,6,Established,-3.3374248525336325
Maharashtra,2021,4W,0.1312466444995757,0.8687533555003819,23597448.999999,0.1510745168281554,0.0571782010924439,0.070963501635489,-0.013785300543045,0.1327309049623485,0.1361622370813103,-0.0261669701785522,-0.1256306513885672,-0.0994636812100149,1.5505050505050506,1.515,0.228801236818477,53238.866396761136,0.0490858725761773,102.68089068825913,0.0059955468778905,0.9969230769230768,1,1,0.134108087980936,0.1363964834551128,0.1332686344277645,3097085.999999868,20500362.999999132,539.9125516960933,100.0,1,1,2018,13.124664449958127,2929577.9999998673,19141980.999999136,0.875081796649942,5.7178181574898135,32.86771499420241,0.1743292087130019,-9.825670791286997,Severe Shortage,9.323886639676115,1.4076387838209539,Very Strong,539.9125516960933,Very High,0.9708944578108031,Neutral,1.0299780701754389,6,Established,0.2818012067717479
Odisha,2021,2W,0.1357167733318776,0.8642832266680732,20317775.999999,0.1570279419018015,-0.1938249230286159,-0.2258820147957054,0.0320570917670894,0.1310271877352973,0.1335855005350558,-0.0245909069302345,0.0912092374962874,0.1158001444265219,-0.1564625850340135,3.1744000000000003,0.1900040114635227,53240.74074074074,0.0704092884478171,101.76648148148148,-0.0082620487674085,1.0099074074074077,1,1,0.1294393954821136,0.1274202980932842,0.1334910560106577,2757462.9999998626,17560312.99999914,386.0458944017286,100.0,1,1,2018,13.571677333188426,3420426.9999998687,22684284.999999132,-2.9225693945140323,-19.382486636176278,31.986243004981567,0.14000038963414846,-9.859999610365852,Severe Shortage,9.324074074074073,1.4555522859824728,Very Strong,386.0458944017286,Very High,0.9923772471107605,Neutral,1.0076813055835698,6,Established,-3.5547264646982657
Odisha,2021,3W,0.1322173273604019,0.8677826726395526,21905736.999999005,0.152362082312789,-0.0786743528684246,-0.071506400647318,-0.0071679522211065,0.1331090602378565,0.1348744578201128,-0.0171312061292367,0.1174604596470498,0.1345916657762866,-0.1564625850340135,3.1744000000000003,0.2100178514284525,47008.54700854701,-0.0707612800636057,102.40713675213676,-0.0062754222980002,1.0017094017094017,1,0,0.1336971509261509,0.1348855954433055,0.1397281104535093,2896317.999999868,19009418.999999136,460.0595818696755,100.0,0,0,2018,13.221732736040789,3143641.999999867,20473397.999999136,-1.2080260830163523,-7.867432784193659,33.596944498512805,0.15884291085084457,-9.841157089149155,Severe Shortage,4.700854700854701,2.8126231456668584,Moderate,460.0595818696755,Very High,0.9781636646417621,Neutral,1.022323805460751,6,Established,-3.4796849329861823
Odisha,2021,4W,0.1291708862024183,0.8708291137975382,22969548.999999,0.1483307526414383,-0.0050992487435467,0.0497109596046663,-0.054810208348213,0.1353240673998381,0.1341702932606553,0.0086524361216406,-0.1213313600488862,-0.1299837961705269,-0.1564625850340135,3.1744000000000003,0.2250709119827659,53012.048192771086,0.0474154683249126,103.0922891566265,0.0110076906845799,0.9829718875502008,1,1,0.1323697702544133,0.1412212059898919,0.1355353529386945,2966996.999999871,20002551.999999132,516.9777341262828,100.0,1,1,2018,12.917088620242392,2982203.9999998645,19055294.999999136,-0.07980458555980537,-0.5099247033652674,34.416812496505635,0.1742427559334591,-9.82575724406654,Severe Shortage,9.301204819277109,1.3887543464768375,Very Strong,516.9777341262828,Very High,0.9534873030676301,Neutral,1.0487816636705343,6,Established,3.270080448609902
Punjab,2021,2W,0.1356049155401136,0.8643950844598454,24335636.999999,0.1568782158758298,0.0082467675311026,-0.0023783829414693,0.0106251504725719,0.1343678946351765,0.1313140367157506,0.0320818381572065,0.226220951600268,0.1941391134430614,-0.7560840707964602,1.8522,0.1810434382402563,53972.86821705427,0.0118705883984413,102.82829457364342,0.0007110642126484,0.9858527131782946,0,1,0.1372217623166309,0.1359085427296454,0.1292306145506999,3300031.999999864,21035604.99999914,440.5807394246796,100.0,1,1,2018,13.56049155401192,3273039.9999998645,21085754.999999136,0.12801058686252767,0.824676501149868,34.541521227338386,0.13350802035395345,-9.866491979646046,Severe Shortage,9.397286821705427,1.4430219925490102,Very Strong,440.5807394246796,Very High,0.9587368119503802,Neutral,1.0430391193237665,6,Established,7.514986081886432
Punjab,2021,3W,0.1407533412790005,0.8592466587209582,24180036.999999,0.1638099794051464,0.0870173862940966,0.0134292960377435,0.073588090256353,0.1324871457545072,0.132652541107491,-0.0015283304556559,0.0618442476591567,0.0633725781148126,-0.7560840707964602,1.8522,0.1866092422832808,50389.10505836576,0.037175745784695,102.31105058365758,2.2140410981696945e-05,1.0023735408560313,0,1,0.1286240705920598,0.140856284305334,0.1302380285558806,3403420.9999998594,20776615.999999143,451.22183829516945,100.0,1,1,2018,14.075334127900632,3130971.999999868,20501297.999999132,1.3289353030751987,8.70173585016551,35.62369659356916,0.13257890760361063,-9.86742109239639,Severe Shortage,9.038910505836576,1.5571936594362732,Very Strong,451.22183829516945,Very High,0.9797314514294931,Neutral,1.0206878614960597,6,Established,4.588251213520489
Punjab,2021,4W,0.121398160304176,0.8786018396957814,23479424.999999,0.1381718278377184,0.0163718668043053,0.104282852242834,-0.0879109854385287,0.1305278973770368,0.135302157441065,-0.0375262080819117,-0.1128514894707373,-0.0753252813888255,-0.7560840707964602,1.8522,0.2052555950160704,48611.11111111111,-0.0478650137741046,102.42722222222224,0.0037271555377116,1.017103174603175,0,0,0.1376621547200133,0.1312520184478716,0.1298864469793042,2850358.9999998775,20629065.999999125,481.9283349010199,100.0,0,0,2018,12.139816030418116,2804444.9999998678,18680961.999999132,0.24577962067593578,1.6371860966483913,29.834782179092457,0.16907636367946655,-9.830923636320534,Severe Shortage,4.861111111111111,2.497333583400298,Moderate,481.9283349010199,Very High,0.9930008376059503,Neutral,1.007048495961921,6,Established,-1.4449786113811314
Rajasthan,2021,2W,0.1281029788310209,0.8718970211689356,23035646.999998998,0.1469242683442221,-0.0192742935196232,0.0692138080842028,-0.0884881016038261,0.1380655352554513,0.1320773118963561,0.052672679045294,0.0540318619981321,0.0013591829528381,0.3398184176394292,6.714500000000001,0.4739947351830899,52100.84033613445,0.0635757751376413,102.9516386554622,0.003744125782668,1.0410504201680673,0,1,0.1331232268688617,0.1318219431313194,0.1310729764801617,2950934.99999987,20084711.99999913,1091.877539953614,100.0,1,1,2018,12.810297883102647,3008929.9999998603,18784560.99999914,-0.3087375686480892,-1.9274287113926147,32.382930275304886,0.37001070506590694,-9.629989294934093,Severe Shortage,9.210084033613445,1.390899131468262,Very Strong,1091.877539953614,Very High,1.0112033511696157,Neutral,0.9889207732978167,6,Established,0.8287483229445058
Rajasthan,2021,3W,0.1326726351792767,0.867327364820679,22528895.999999,0.152967019828421,0.0153265333921679,-0.0107591226545248,0.0260856560466927,0.1297061423590823,0.1343857375647373,-0.0411111865547902,-0.0136372317434788,0.0274739548113114,0.3398184176394292,6.714500000000001,0.4551403451668323,48668.03278688525,-0.0423387096774193,102.68459016393444,0.0154232226981076,0.9897131147540984,0,0,0.1250334224553778,0.1439748021067213,0.1294724133146275,2988967.999999866,19539927.999999136,1025.380950166767,100.0,0,0,2018,13.267263517928257,2943848.99999987,19752446.999999132,0.22842232010937477,1.532652818587829,32.80029629223192,0.343055178297932,-9.656944821702067,Severe Shortage,4.866803278688525,2.726073514420627,Moderate,1025.380950166767,Very High,0.9638380142278757,Neutral,1.0375187378359354,6,Established,-1.0342165850428242
Rajasthan,2021,4W,0.1435780179582764,0.8564219820416784,22097546.999999,0.1676484879188927,-0.0109996574199137,-0.1401518235583404,0.1291521661384267,0.1272135764422322,0.1279075254718427,-0.0073083091953189,0.1683833014893931,0.1756916106847121,0.3398184176394292,6.714500000000001,0.4096360839783174,54726.89075630252,0.1278317410614435,102.79340336134456,0.0026339892996887,1.0114285714285711,0,1,0.1286088039847141,0.1309767078936022,0.1249398460520855,3172721.999999857,18924824.999999143,905.1952618606815,100.0,1,1,2018,14.35780179582829,3208008.9999998724,22009495.99999913,-0.1603262446207506,-1.0999653991108747,34.81677343246319,0.2853055710083399,-9.71469442899166,Severe Shortage,9.472689075630253,1.5157049578208617,Very Strong,905.1952618606815,Very High,0.983943072565801,Neutral,1.0163189597873052,6,Established,-2.288607773771123
Tamil Nadu,2021,2W,0.1335208014965944,0.8664791985033624,23147396.999999,0.1540956177962517,0.1129821309027241,0.0539628459186769,0.0590192849840471,0.1273420786067522,0.1255773716217243,0.0140711993533466,-0.1121249878900716,-0.1261961872434183,0.1766848816029143,3.23,0.2962385362696907,52208.83534136546,0.0507993920714571,102.64827309236946,0.0003312148776086,1.010441767068273,1,1,0.1288465083475084,0.1335788484199036,0.1308239548990695,3090658.9999998645,20056737.999999136,685.7151005733431,100.0,1,1,2018,13.352080149660015,2776916.9999998724,19029833.99999913,1.6486848151862927,11.298209021656618,33.325339832509556,0.2218669547735202,-9.778133045226479,Severe Shortage,9.220883534136547,1.4480261137915258,Very Strong,685.7151005733431,Very High,0.9843728848307199,Neutral,1.0158751987281398,6,Established,3.5848958548489795
Tamil Nadu,2021,3W,0.1369794677473419,0.8630205322526162,23882717.999999,0.1587207996882823,0.0988292046874805,0.0338111559123941,0.0650180487750864,0.1299274289895757,0.1295846556389807,0.003082273511511,0.0169310492174752,0.0138487757059642,0.1766848816029143,3.23,0.2819189901496287,49127.90697674418,-0.0682013215480993,102.76682170542637,0.0062047346578899,0.9856589147286822,1,0,0.1308093073005171,0.1338913342900843,0.1369426106298915,3271441.999999862,20611275.99999914,673.299174058836,100.0,0,0,2018,13.697946774734765,2977206.9999998696,19937176.999999132,1.4758106688920838,9.88291714922187,35.27465061410687,0.20581112978890176,-9.794188870211098,Severe Shortage,4.912790697674418,2.7882211186442367,Moderate,673.299174058836,Very High,0.9591217266152318,Neutral,1.042620526936689,6,Established,5.527224728342417
Tamil Nadu,2021,4W,0.1321670056128595,0.8678329943870952,22033486.999999,0.1522952620750954,-0.0642207848964251,0.02589229792112,-0.0901130828175451,0.1430733982451472,0.1347398298615259,0.0662548556095306,-0.0157797108966442,-0.0820345665061748,0.1766848816029143,3.23,0.2970014165510147,53150.40650406504,0.0652843787538517,102.18560975609756,0.0033473405934303,0.9995934959349594,1,1,0.1354062102667046,0.1340893665502576,0.1344294339790073,2912099.999999867,19121386.999999136,654.3976850558367,100.0,1,1,2018,13.21670056128655,3111951.9999998566,18638785.999999143,-1.072237157922342,-6.422076425961413,31.40000955338357,0.22471676283639527,-9.775283237163604,Severe Shortage,9.315040650406504,1.4188559188638408,Very Strong,654.3976850558367,Very High,0.9782135648266387,Neutral,1.0222716551443676,6,Established,-3.6587129489852654
Telangana,2021,2W,0.1362308477045328,0.8637691522954161,19536169.999999,0.1577165491797879,-0.2034778554053018,-0.2007426978613725,-0.0027351575439292,0.1366347297303707,0.1350342870700542,0.0153865138030906,0.1362139215204869,0.1208274077173963,-0.4913448735019973,1.4134,0.156209497154591,46460.176991150445,-0.0522864295032259,103.2387610619469,-0.0050508490530198,1.0016814159292036,1,0,0.126951240058794,0.1348855098804229,0.1324648206978438,2661428.9999998626,16874740.99999914,305.17352920266063,100.0,0,0,2018,13.623084770453978,3341311.9999998636,21113026.999999136,-3.2202060263455756,-20.347779450773654,30.926286452797875,0.1146652904145391,-9.885334709585461,Severe Shortage,4.646017699115045,2.932206817259618,Moderate,305.17352920266063,Very High,0.9702571065611291,Neutral,1.030654651470978,6,Established,-7.4957350184721605
Telangana,2021,3W,0.1336621760812216,0.8663378239187356,23328880.999999,0.1542839503332237,-0.0636192795050155,-0.0930303180024805,0.0294110384974649,0.130009755287779,0.1277337370292579,0.0241288316610115,0.2022244830322517,0.1780956513712401,-0.4913448735019973,1.4134,0.1491383492246471,52710.843373493975,0.1659945394885154,103.03963855421686,0.0069939964913776,0.9919277108433736,0,1,0.1273368172712363,0.1411943637041758,0.1385232074232199,3118188.999999865,20210691.999999136,347.9230801598235,100.0,1,1,2018,13.366217608122732,3330043.999999869,22283756.999999132,-0.9507148659575841,-6.361926040038873,36.2339202841647,0.11157857338340894,-9.88842142661659,Severe Shortage,9.271084337349397,1.4417102813179816,Very Strong,347.9230801598235,Very High,0.9626661397122878,Neutral,1.0387817320539292,6,Established,0.25299133661154105
Telangana,2021,4W,0.1322244712167368,0.8677755287832164,21373501.999998998,0.1523715689823278,0.0794193036578645,-0.0722180575957667,0.1516373612536312,0.1158005012895312,0.1253503499164505,-0.0898564683056896,-0.0469900748418151,0.0428663934638744,-0.4913448735019973,1.4134,0.1689571042375737,48559.670781893,-0.0364237876220447,103.1970781893004,0.0127206829352806,0.980329218106996,0,0,0.1352573277168413,0.1360870332341836,0.1423942344551748,2826099.9999998664,18547401.999999132,361.12050053359906,100.0,0,0,2018,13.2224471216743,2618166.9999998836,19991121.999999117,1.0401266602180976,7.94192733239395,32.83979326303743,0.127780510432616,-9.872219489567383,Severe Shortage,4.8559670781893,2.722927669971911,Moderate,361.12050053359906,Very High,0.9499583082272166,Neutral,1.052677776844933,6,Established,-3.026394924392084
Uttar Pradesh,2021,2W,0.1256378520956993,0.8743621479042566,22625346.999999,0.1436906992212997,-0.0351262777550546,0.0399996235913391,-0.0751259013463937,0.1341082405269721,0.1315589792573102,0.0225810402898682,0.0316333934226689,0.0090523531328006,0.2047012732615083,3.321,0.5599062341144103,50401.60642570281,-0.0498057804990453,102.62614457831326,0.003077277066245,0.993694779116466,0,1,0.1376850693513316,0.136020924190439,0.1313881225344898,2842599.999999874,19782746.99999913,1266.8072834301772,100.0,1,1,2018,12.563785209570483,2946084.999999864,19021878.999999136,-0.5440313996302937,-3.5126265832020858,29.318414421037552,0.4456509123444148,-9.554349087655584,Severe Shortage,9.040160642570282,1.3897745522803422,Very Strong,1266.8072834301772,Very High,0.968266695781585,Neutral,1.0327733096229237,6,Established,-3.695755482024876
Uttar Pradesh,2021,3W,0.131674452120231,0.8683255478797293,25137905.999998998,0.1516416288800018,0.2372102758850112,0.2087770698421835,0.0284332060428276,0.1290388331458019,0.1284214658496296,0.0053570416291827,-0.0240931773082759,-0.0294502189374586,0.2047012732615083,3.321,0.5932509454426892,50375.93984962406,-0.0715839184738705,102.86127819548872,0.0098183863023786,0.9932330827067668,0,1,0.1356010514258611,0.1295532621540659,0.1250723624164877,3310019.9999998673,21827885.999999132,1491.308650094945,100.0,1,1,2018,13.167445212023624,2675389.99999987,18057825.999999132,3.5144317198300095,23.72101872212428,34.13935766619402,0.4505436976498646,-9.549456302350135,Severe Shortage,9.037593984962406,1.4569635717130964,Very Strong,1491.308650094945,Very High,0.9656044530373412,Neutral,1.0356207418622259,6,Established,8.6417102457516
Uttar Pradesh,2021,4W,0.1421840704245496,0.8578159295754103,24918353.999999,0.1657510659004198,0.1018842164026503,0.0317437202500818,0.0701404961525684,0.1343492959269447,0.1336725198199676,0.0062473971671324,0.0744138146962423,0.0681664175291099,0.2047012732615083,3.321,0.5139326083454832,53636.36363636364,0.0727272727272727,102.12352727272727,-0.0046801245780757,0.9689454545454544,0,1,0.1321733193588259,0.130802604990511,0.1244027265494483,3542992.9999998575,21375360.999999143,1280.6354666896102,100.0,1,1,2018,14.21840704245553,3215394.999999864,20717703.999999136,1.5812465714711506,10.188418471628607,36.54222791276843,0.36145582751353494,-9.638544172486466,Severe Shortage,9.363636363636363,1.5184706550195226,Very Strong,1280.6354666896102,Very High,0.9487974812677837,Neutral,1.0539656984162726,6,Established,7.722575696557876
West Bengal,2021,2W,0.1373033732958763,0.8626966267040825,24268638.999999,0.1591558491014295,0.1961880405822116,0.2707978276500569,-0.0746097870678452,0.1446287874240945,0.1256744190387796,0.1520176489483646,0.0141743555315592,-0.1378432934168054,0.0242718446601941,1.0339,0.1095494061022708,50301.20481927711,0.015791320622295,102.83232931726909,-0.0002680785014734,1.010722891566265,0,1,0.1371369466749205,0.1270340368258282,0.1343176183512106,3332165.999999862,20936472.99999914,265.86149893604073,100.0,1,1,2018,13.730337329588197,2785653.9999998556,16475061.999999147,3.3172073454288755,19.618797015424914,35.63979333372272,0.0797863908748999,-9.920213609125101,Severe Shortage,9.03012048192771,1.5205043340304476,Very Strong,265.86149893604073,High,0.9828843694164281,Neutral,1.0174136766400448,6,Established,2.5839281672831005
West Bengal,2021,3W,0.1364106957136919,0.863589304286266,23692518.999999,0.1579576507941826,0.0105766320376425,0.0074801461876377,0.0030964858500048,0.136049587731739,0.1347668221730337,0.0125065494597726,0.1476794581436884,0.1351729086839157,0.0242718446601941,1.0339,0.0897613292666936,48884.75836431227,-0.0315808779441744,102.17014869888476,0.0019214086653609,1.0033828996282528,0,0,0.1287336421645508,0.1357095424733648,0.1370710402538159,3231912.999999864,20460605.99999914,212.66719991163941,100.0,0,0,2018,13.641069571369766,3198087.999999863,20308693.999999136,0.16655427638261527,1.057662873047072,34.56751896291233,0.06580226630842116,-9.93419773369158,Severe Shortage,4.888475836431227,2.79045453589237,Moderate,212.66719991163941,High,0.9820705092496407,Neutral,1.018256826349524,6,Established,2.135822681712063
West Bengal,2021,4W,0.1286416363495656,0.8713583636503882,21653074.999998998,0.1476332747612269,-0.0352125676835053,-0.0531638432170088,0.0179512755335035,0.1265509793183415,0.1280606703282414,-0.0133217646765745,-0.0262993350717607,-0.0129775703951862,0.0242718446601941,1.0339,0.092486526075245,49574.46808510638,-0.0220397329019949,103.05489361702128,0.010094717759054,1.0252765957446808,0,0,0.1281530998968496,0.1294265479698396,0.1312738867126442,2785486.99999987,18867587.99999913,200.26176855967356,100.0,0,0,2018,12.864163634957155,2887150.9999998715,19926982.99999913,-0.5101825745431715,-3.521255548720882,29.79268770336495,0.0718947058664007,-9.9281052941336,Severe Shortage,4.957446808510638,2.5949171280814864,Moderate,200.26176855967356,High,0.9948839494753879,Neutral,1.0051423590935504,6,Established,3.8983502342598175
