state,year,vehicle_segment,ev_share,ice_share,total_registrations,conversion_pressure,ev_yoy_growth,ice_yoy_change,transition_index,ev_share_t-1,ev_share_t-2,transition_index_t-1,ev_yoy_growth_t-1,ice_yoy_change_t-1,infra_yoy_growth_t-1,fast_charger_index_t-1,stations_per_10k_vehicles_t-1,avg_ev_subsidy_rs,subsidy_yoy_change,fuel_price_rs_per_litre,fuel_price_yoy_change,avg_income_index,high_infra_flag,high_subsidy_flag,ev_share_t+1,ev_share_t+2,ev_share_t+3
Assam,2018,2W,0.1283627223371911,0.8716372776627664,23493651,0.1472660455910521,0.08307124861505422,0.046898507099482734,0.03617274151557148,0.12460983974703387,0.13698999408444576,-0.10350649458818695,-0.10089645409491133,0.0026100404932756227,,,,47568.09338521401,-0.08195430665112269,102.74299610894941,0.0026945380478688996,1.0295719844357978,0,0,0.13265727946520797,0.13235327135641772,0.14269321691610964
Assam,2019,2W,0.13265727946520797,0.867342720534749,23220339,0.1529466073535644,0.02143376565842403,-0.01650312321423708,0.03793688887266111,0.1283627223371911,0.12460983974703387,0.03617274151557148,0.08307124861505422,0.046898507099482734,,2.5200000000000005,0.19154111032315024,48173.07692307692,0.012718263331760182,101.45557692307693,-0.01253048124572198,1.0028076923076923,1,0,0.13235327135641772,0.14269321691610964,0.13105550469740432
Assam,2020,2W,0.13235327135641772,0.8676467286435386,22893042,0.15254263566543982,-0.016354650953285477,-0.013749707547053625,-0.002604943406231852,0.13265727946520797,0.1283627223371911,0.03793688887266111,0.02143376565842403,-0.01650312321423708,1.362222222222222,6.8032,0.4577883206365815,48475.60975609756,0.006280122681466382,102.82182926829269,0.01346650806837002,0.9918292682926829,0,0,0.14269321691610964,0.13105550469740432,0.13443568987716253
Assam,2021,2W,0.14269321691610964,0.8573067830838502,24848329,0.16644339376323303,0.17020603181088645,0.07247458638449356,0.0977314454263929,0.13235327135641772,0.13265727946520797,-0.002604943406231852,-0.016354650953285477,-0.013749707547053625,-0.6190028222013171,1.539,0.17690964784107344,46441.94756554307,-0.04195227663533785,102.97767790262172,0.0015157154413425467,0.9973782771535581,0,0,0.13105550469740432,0.13443568987716253,0.13294240025216056
Assam,2018,3W,0.12492556817270181,0.8750744318272532,22201524,0.1427597709055133,-0.09574299173741796,-0.01730312538094203,-0.07843986635647593,0.134306809250539,0.13121226574993108,0.02810281418192906,0.059656074830930717,0.03155326064900166,,,,45083.6820083682,-0.1179667757570736,102.19489539748953,0.0008353794339381881,0.9961506276150628,0,0,0.13356658830956175,0.1326292355907259,0.1381051708805135
Assam,2019,3W,0.13356658830956175,0.8664334116903962,23765981,0.15415660609436785,0.1445096479658834,0.05989576068255342,0.08461388728332997,0.12492556817270181,0.134306809250539,-0.07843986635647593,-0.09574299173741796,-0.01730312538094203,0.15384615384615374,2.5200000000000005,0.20268878829998843,52316.602316602315,0.16043322075804656,103.502277992278,0.012793032271361193,0.9980694980694981,1,1,0.1326292355907259,0.1381051708805135,0.12723381529017108
Assam,2020,3W,0.1326292355907259,0.8673707644092302,22736616,0.15290933026977205,-0.05002644643407872,-0.0422775456447374,-0.0077489007893413175,0.13356658830956175,0.12492556817270181,0.08461388728332997,0.1445096479658834,0.05989576068255342,1.362222222222222,6.8032,0.44727798088903714,50512.29508196721,-0.03448823422660452,102.78200819672132,-0.006958975295310976,1.0098360655737706,0,1,0.1381051708805135,0.12723381529017108,0.13410869591941404
Assam,2021,3W,0.1381051708805135,0.8618948291194435,23216046,0.1602341793689949,0.06324439403887872,0.014639870562843438,0.04860452347603528,0.1326292355907259,0.13356658830956175,-0.0077489007893413175,-0.05002644643407872,-0.0422775456447374,-0.6190028222013171,1.539,0.17812677129343843,51117.88617886179,0.011988983987202939,102.53878048780489,-0.0023664424657952043,1.0009756097560976,0,1,0.12723381529017108,0.13410869591941404,0.13475979724080944
Assam,2018,4W,0.13186194583534555,0.8681380541646099,22370495,0.15189035120903902,-0.12740293382375345,-0.07465143760650128,-0.05275149621725217,0.13872758620943804,0.12642691861941577,0.11965993135316699,0.1789140399627267,0.05925410860955971,,,,51470.58823529412,0.043513295729250556,102.10638655462185,-0.004460011615441628,0.997016806722689,0,1,0.13332105704279545,0.1357313971268485,0.132377547073495
Assam,2019,4W,0.13332105704279545,0.8666789429571594,22145669,0.15382963241066444,0.0009041238829392562,-0.011713957669243102,0.012618081552182359,0.13186194583534555,0.13872758620943804,-0.05275149621725217,-0.12740293382375345,-0.07465143760650128,0.15384615384615374,2.5200000000000005,0.2011578196185834,47021.27659574468,-0.08644376899696049,101.76668085106382,-0.003326978017935245,1.0058297872340425,1,0,0.1357313971268485,0.132377547073495,0.12838525008192855
Assam,2020,4W,0.1357313971268485,0.8642686028731054,21627170,0.15704751928753993,-0.0057571861524059464,-0.026129118226078663,0.020371932073672716,0.13332105704279545,0.13186194583534555,0.012618081552182359,0.0009041238829392562,-0.011713957669243102,1.362222222222222,6.8032,0.48000356165352087,48712.44635193133,0.035966053638358586,102.82369098712445,0.010386603230261304,0.984206008583691,0,0,0.132377547073495,0.12838525008192855,0.1318110690706499
Assam,2021,4W,0.132377547073495,0.8676224529264613,22838858,0.15257488329411856,0.029932351917195232,0.060124170727474224,-0.030191818810278992,0.1357313971268485,0.13332105704279545,0.020371932073672716,-0.0057571861524059464,-0.026129118226078663,-0.6190028222013171,1.539,0.18726444551586527,51764.705882352944,0.06265871987561544,102.46258823529412,-0.003511863349425437,1.0107843137254902,0,1,0.12838525008192855,0.1318110690706499,0.13819746225423515
Bihar,2018,2W,0.13203252337112042,0.8679674766288408,25730789,0.15211672650132424,-0.05725378521942648,-0.011474182326245752,-0.045779602893180726,0.1375620253559767,0.13362152423313411,0.03720874033752297,0.1253813862880191,0.08817264595049612,,,,51696.42857142857,-0.002606007067137761,103.26085714285715,0.005339205791622836,1.0110357142857143,0,1,0.12936126330636866,0.1320384855063255,0.13261203719569517
Bihar,2019,2W,0.12936126330636866,0.8706387366935842,21168895,0.14858185062588808,-0.19393807025047238,-0.17476123747441508,-0.019176832776057307,0.13203252337112042,0.1375620253559767,-0.045779602893180726,-0.05725378521942648,-0.011474182326245752,,2.5194,0.19198789427250448,52092.51101321586,0.007661698355816204,102.56947136563876,-0.0066955262269601246,1.0061674008810573,1,1,0.1320384855063255,0.13261203719569517,0.12821161638276987
Bihar,2020,2W,0.1320384855063255,0.867961514493628,21459819,0.1521246405247779,0.034723117400997205,0.010625725022598509,0.024097392378398697,0.12936126330636866,0.13203252337112042,-0.019176832776057307,-0.19393807025047238,-0.17476123747441508,0.8016194331983806,4.628,0.4204281799213288,50000.0,-0.04016913319238902,101.53323275862068,-0.010102797579253364,0.9845258620689655,1,1,0.13261203719569517,0.12821161638276987,0.12382746952672716
Bihar,2021,2W,0.13261203719569517,0.8673879628042593,21936621,0.15288647064053232,0.026658695432751234,0.021542875645116144,0.00511581978763509,0.1320384855063255,0.12936126330636866,0.024097392378398697,0.034723117400997205,0.010625725022598509,-0.20337078651685392,2.0561,0.33038489265432064,46137.33905579399,-0.07725321888412018,102.61841201716739,0.010687921866198602,1.0164377682403434,1,0,0.12821161638276987,0.12382746952672716,0.12525228815280534
Bihar,2018,3W,0.12884666054766425,0.8711533394522886,21162512,0.14790336764972395,-0.17056463387924947,-0.12452054305979332,-0.04604409081945615,0.13503342872583193,0.12658455845706443,0.07935053895868238,0.10767766884432484,0.028327129885642455,,,,54694.323144104805,0.08338851218265186,102.55598253275109,-0.00575018051876508,0.9927947598253275,0,1,0.14267513642994836,0.13858334385613363,0.1314001761350306
Bihar,2019,3W,0.14267513642994836,0.857324863570006,21896401,0.16641879417451874,0.14572568717201873,0.018254490056381023,0.1274711971156377,0.12884666054766425,0.13503342872583193,-0.04604409081945615,-0.17056463387924947,-0.12452054305979332,-0.11785714285714288,2.5194,0.2334316454334761,45760.86956521739,-0.16333420116289166,102.46839130434782,-0.000854082094872366,1.0309565217391305,1,0,0.13858334385613363,0.1314001761350306,0.13052193256409125
Bihar,2020,3W,0.13858334385613363,0.8614166561438216,22300768,0.1608782254086929,-0.010741429774985933,0.023328165620792207,-0.03406959539577814,0.14267513642994836,0.12884666054766425,0.1274711971156377,0.14572568717201873,0.018254490056381023,0.8016194331983806,4.628,0.40645949057725994,47256.09756097561,0.03267481605932465,102.31443089430894,-0.0015025161230607376,1.0184959349593496,1,0,0.1314001761350306,0.13052193256409125,0.13194749107593473
Bihar,2021,3W,0.1314001761350306,0.8685998238649207,20531974,0.1512779777831124,-0.12703707958058774,-0.07163799456467335,-0.055399085015914395,0.13858334385613363,0.14267513642994836,-0.03406959539577814,-0.010741429774985933,0.023328165620792207,-0.20337078651685392,2.0561,0.31792627037870347,48642.533936651584,0.029338782659465767,102.74004524886878,0.004159866314454641,0.9798642533936652,1,0,0.13052193256409125,0.13194749107593473,0.13302361379999
Bihar,2018,4W,0.12647858148583452,0.8735214185141162,20258268,0.1447914544665926,-0.1766659404516543,-0.07998104439853138,-0.09668489605312292,0.13926268186000856,0.1354056121615381,0.031201519331033323,-0.025985500700927755,-0.05718702003196108,,,,51777.77777777778,-0.019810781078107853,102.44853333333333,-0.0036448167504042894,0.9998666666666667,0,1,0.13281363409554067,0.12668297274137666,0.13240747761363325
Bihar,2019,4W,0.13281363409554067,0.8671863659044148,22429768,0.1531544846217005,0.16264771759989416,0.09916110567392211,0.06348661192597205,0.12647858148583452,0.13926268186000856,-0.09668489605312292,-0.1766659404516543,-0.07998104439853138,-0.11785714285714288,2.5194,0.24385105368146423,49152.542372881355,-0.0507019713392014,102.28830508474577,-0.00156398772509736,1.0376694915254236,1,0,0.12668297274137666,0.13240747761363325,0.1318365780364656
Bihar,2020,4W,0.12668297274137666,0.8733170272585804,23246960,0.14505938133333315,-0.011408271088852895,0.043760538454249875,-0.05516880954310277,0.13281363409554067,0.12647858148583452,0.06348661192597205,0.16264771759989416,0.09916110567392211,0.8016194331983806,4.628,0.39679411735476083,50000.0,0.01724137931034475,102.26463035019455,-0.00023145103960420244,0.9834241245136187,1,1,0.13240747761363325,0.1318365780364656,0.13835605366863957
Bihar,2021,4W,0.13240747761363325,0.8675925223863187,20772135,0.152614645219395,-0.06608094957069521,-0.11231508317962902,0.0462341336089338,0.12668297274137666,0.13281363409554067,-0.05516880954310277,-0.011408271088852895,0.043760538454249875,-0.20337078651685392,2.0561,0.30498611418224747,50744.68085106383,0.014893617021276562,101.90634042553192,-0.0035035566396289797,0.9626808510638297,1,1,0.1318365780364656,0.13835605366863957,0.13525370329093853
Chhattisgarh,2018,2W,0.1312231952565141,0.8687768047434392,21358160,0.1510434480946091,-0.04073614550408067,-0.040421998747590115,-0.000314146756490552,0.13126052840886243,0.1306801016477864,0.0050348510317478334,-0.010187426146157419,-0.015222277177905252,,,,48819.742489270386,-0.021532125055812257,102.64210300429185,0.004147673097450122,1.0150643776824033,1,0,0.129844398039508,0.1412215754224132,0.1367216572113046
Chhattisgarh,2019,2W,0.129844398039508,0.8701556019604482,22765780,0.1492195746684801,0.054705735854819304,0.06759714141498074,-0.01289140556016144,0.1312231952565141,0.13126052840886243,-0.000314146756490552,-0.04073614550408067,-0.040421998747590115,,6.0804,0.5271989719492696,50498.00796812749,0.03437677859988608,102.51780876494024,-0.0012109479026011227,0.9896015936254979,0,1,0.1412215754224132,0.1367216572113046,0.13200651729987403
Chhattisgarh,2020,2W,0.1412215754224132,0.8587784245775397,21227932,0.16444452601072096,0.014151851364457846,-0.07974251696296741,0.09389436832742526,0.129844398039508,0.1312231952565141,-0.01289140556016144,0.054705735854819304,0.06759714141498074,-0.7344582593250444,1.6146,0.1313374722362522,54092.9203539823,0.07118919201968898,102.42553097345132,-0.0009001147468973292,1.0193805309734514,1,1,0.1367216572113046,0.13200651729987403,0.1268988122543995
Chhattisgarh,2021,2W,0.1367216572113046,0.8632783427886517,22852656,0.15837475824413053,0.04223404702449285,0.0821780364222009,-0.039943989397708046,0.1412215754224132,0.129844398039508,0.09389436832742526,0.014151851364457846,-0.07974251696296741,2.9866220735785953,3.4568,0.561524315905325,51619.43319838057,-0.04572663371500951,102.50218623481781,0.0007483999412838394,1.0175303643724696,1,1,0.13200651729987403,0.1268988122543995,0.13777086549375997
Chhattisgarh,2018,3W,0.13360282087441602,0.8663971791255404,22916582,0.154204872647888,0.03811927935320125,0.02293318275597267,0.015186096597228582,0.13190621417833726,0.12946969077332254,0.021209811962569214,-0.00042500565149061753,-0.02163481761405983,,,,49789.91596638656,-0.032537405205984804,102.28235294117647,-0.007090063503504718,1.0199159663865547,1,0,0.12883456700684567,0.13107153359376816,0.13451908640558127
Chhattisgarh,2019,3W,0.12883456700684567,0.8711654329931116,23328025,0.1478874324441107,-0.018376598774545005,0.023556295682135797,-0.0419328944566808,0.13360282087441602,0.13190621417833726,0.015186096597228582,0.03811927935320125,0.02293318275597267,0.5617198335644937,6.0804,0.49134726963587017,49803.92156862745,0.00028129395217990627,101.34850980392156,-0.009130051376428305,0.9823921568627451,0,0,0.13107153359376816,0.13451908640558127,0.12513607819985179
Chhattisgarh,2020,3W,0.13107153359376816,0.8689284664061917,24872258,0.15084254667512584,0.08470894266959816,0.06345870937872067,0.021250233290877496,0.12883456700684567,0.13360282087441602,-0.0419328944566808,-0.018376598774545005,0.023556295682135797,-0.7344582593250444,1.6146,0.12817201622161672,52169.811320754714,0.04750408557420882,102.05064150943396,0.006927893728983392,0.9775094339622642,1,1,0.13451908640558127,0.12513607819985179,0.131232425306645
Chhattisgarh,2021,3W,0.13451908640558127,0.8654809135943707,20800171,0.15542680244688156,-0.1417235038166651,-0.1670380539003572,0.0253145500836921,0.13107153359376816,0.12883456700684567,0.021250233290877496,0.08470894266959816,0.06345870937872067,2.9866220735785953,3.4568,0.4792488078568304,47345.13274336283,-0.09248027652866897,102.67907079646018,0.006158014077433549,0.9860176991150442,1,0,0.12513607819985179,0.131232425306645,0.1303141680010803
Chhattisgarh,2018,4W,0.1305901854420081,0.8694098145579475,22493015,0.1502053842157539,0.015865511645890784,-0.019670557057819726,0.03553606870371051,0.1266003340086336,0.13564926433469215,-0.07922947946592152,-0.041892111749851524,0.03733736771606999,,,,48192.77108433735,0.04072732648384947,102.61638554216867,0.004686772836450137,0.9984738955823294,1,0,0.13498079608680968,0.13065959523511067,0.13437498328807893
Chhattisgarh,2019,4W,0.13498079608680968,0.8650192039131495,24452308,0.15604351837816974,0.12365666258251018,0.08161672781183227,0.04203993477067791,0.1305901854420081,0.1266003340086336,0.03553606870371051,0.015865511645890784,-0.019670557057819726,0.5617198335644937,6.0804,0.5005998526651052,50471.698113207545,0.047287735849056656,102.73758490566037,0.001181091721866423,0.9900377358490566,0,1,0.13065959523511067,0.13437498328807893,0.1328309100691592
Chhattisgarh,2020,4W,0.13065959523511067,0.8693404047648465,23306172,0.15029721869793328,-0.07738520847169239,-0.042110956860426874,-0.03527425161126552,0.13498079608680968,0.1305901854420081,0.04203993477067791,0.12365666258251018,0.08161672781183227,-0.7344582593250444,1.6146,0.12227884577509869,52300.0,0.036224299065420684,102.2146,-0.005090492502238586,0.9910399999999999,1,1,0.13437498328807893,0.1328309100691592,0.1337307660747609
Chhattisgarh,2021,4W,0.13437498328807893,0.8656250167118766,22439080,0.15523445540431993,-0.009826693047197632,-0.04131919075848045,0.03149249771128282,0.13065959523511067,0.13498079608680968,-0.03527425161126552,-0.07738520847169239,-0.042110956860426874,2.9866220735785953,3.4568,0.5114525025768056,45630.081300813006,-0.1275319062942064,102.69065040650408,0.004657362123454689,0.9863414634146341,1,0,0.1328309100691592,0.1337307660747609,0.1336980800110391
Delhi,2018,2W,0.13393790696257324,0.8660620930373848,23772456,0.1546514428791063,-0.00917776921674196,-0.04050604949252212,0.03132828027578016,0.13025461236828248,0.13220308197965233,-0.01898835388539566,0.10155172366512266,0.12054007755051832,,,,53793.77431906615,0.12507058814428595,102.37229571984436,-0.0042533587022312025,0.9875486381322958,1,1,0.13157142828353216,0.12555520204221984,0.13043505909687697
Delhi,2019,2W,0.13157142828353216,0.8684285717164241,22826126,0.1515050069327848,-0.05677296686309474,-0.03718414955822502,-0.01958881730486972,0.13393790696257324,0.13025461236828248,0.03132828027578016,-0.00917776921674196,-0.04050604949252212,,4.550999999999999,0.46692693406733954,52200.0,-0.029627486437613038,102.09124,-0.0027454275384573013,1.00244,0,1,0.12555520204221984,0.13043505909687697,0.14039572699174485
Delhi,2020,2W,0.12555520204221984,0.8744447979577396,24581817,0.1435826009290146,0.027672873465087733,0.08437642196938278,-0.05670354850429504,0.13157142828353216,0.13393790696257324,-0.01958881730486972,-0.05677296686309474,-0.03718414955822502,-0.7108108108108109,1.284,0.14062833082555126,49436.09022556391,-0.05294846311180257,101.95601503759399,-0.0013245501024966577,1.0052631578947369,1,0,0.13043505909687697,0.14039572699174485,0.11960794038850951
Delhi,2021,2W,0.13043505909687697,0.8695649409030789,22644257,0.1500001931554667,-0.04301810376250459,-0.08396152077263641,0.04094341701013182,0.12555520204221984,0.13157142828353216,-0.05670354850429504,0.027672873465087733,0.08437642196938278,1.0404984423676011,3.1439999999999997,0.2664571132937581,48100.0,-0.02702661596958167,101.61456,-0.003349042599086305,1.00096,0,0,0.14039572699174485,0.11960794038850951,0.12898726849366252
Delhi,2018,3W,0.13714951585388566,0.8628504841460753,25573375,0.15894915680607105,0.2973799950433338,0.18980591970799332,0.10757407533534047,0.1272243603569016,0.12401047455037957,0.03234011057762487,0.12145085939334299,0.08911074881571812,,,,51340.99616858237,-0.011685823754789326,102.47766283524905,-0.00036695553603327546,1.0028735632183907,1,1,0.12745241331333634,0.11727359986639199,0.1365676825729054
Delhi,2019,3W,0.12745241331333634,0.8725475866866185,22085694,0.14606913042781847,-0.19744133506074057,-0.12667362125775494,-0.07076771380298563,0.13714951585388566,0.1272243603569016,0.10757407533534047,0.2973799950433338,0.18980591970799332,0.7182662538699691,4.550999999999999,0.4340451737660574,48678.4140969163,-0.05186074035110788,103.0815859030837,0.005893216639859977,1.0469162995594714,0,0,0.11727359986639199,0.1365676825729054,0.1295402127345394
Delhi,2020,3W,0.11727359986639199,0.8827264001335619,21652273,0.13285369849021092,-0.09792086682357126,-0.008187820144021862,-0.0897330466795494,0.12745241331333634,0.13714951585388566,-0.07076771380298563,-0.19744133506074057,-0.12667362125775494,-0.7108108108108109,1.284,0.14534295361271288,51348.547717842324,0.05485251872852559,102.84141078838174,-0.002329951684365672,1.0006224066390041,1,1,0.1365676825729054,0.1295402127345394,0.12587341886436182
Delhi,2021,3W,0.1365676825729054,0.8634323174270484,21589361,0.15816818718539202,0.1611383721113404,-0.024699428918476762,0.18583780102981717,0.11727359986639199,0.12745241331333634,-0.0897330466795494,-0.09792086682357126,-0.008187820144021862,1.0404984423676011,3.1439999999999997,0.30250865564898954,51639.34426229508,0.005663189269746738,102.4391393442623,-0.003911570650729335,0.9922950819672132,0,1,0.1295402127345394,0.12587341886436182,0.12907636433065559
Delhi,2018,4W,0.13708182257937024,0.8629181774205903,25282630,0.15885824091791623,0.16354823916165717,0.07520735236847487,0.0883408867931823,0.12800632245010723,0.1329232838193453,-0.04807102543721098,0.08511442080671072,0.1331854462439217,,,,51282.05128205128,0.015565966450052926,102.54978021978022,-0.005654031095469247,1.0191208791208792,1,1,0.1323337652828667,0.12618850786836985,0.1317657690518015
Delhi,2019,4W,0.1323337652828667,0.8676662347170888,22435491,0.15251672529275048,-0.143348599698366,-0.1077297579424995,-0.03561884175586649,0.13708182257937024,0.12800632245010723,0.0883408867931823,0.16354823916165717,0.07520735236847487,0.7182662538699691,4.550999999999999,0.4390366032176888,47717.84232365145,-0.06950207468879677,101.79091286307055,-0.007399990083677421,1.016804979253112,0,0,0.12618850786836985,0.1317657690518015,0.1249301324178938
Delhi,2020,4W,0.12618850786836985,0.8738114921315875,23425802,0.14441142579747773,-0.004346957685367969,0.05153551343902385,-0.05588247112439182,0.1323337652828667,0.13708182257937024,-0.03561884175586649,-0.143348599698366,-0.1077297579424995,-0.7108108108108109,1.284,0.14307687754946977,51945.525291828795,0.08859753002876003,102.70828793774318,0.009012347456856862,1.0046303501945526,1,1,0.1317657690518015,0.1249301324178938,0.13305001234602654
Delhi,2021,4W,0.1317657690518015,0.8682342309481563,23709352,0.15176275317451318,0.05683700673902181,0.005644235257564301,0.05119277148145751,0.12618850786836985,0.1323337652828667,-0.05588247112439182,-0.004346957685367969,0.05153551343902385,1.0404984423676011,3.1439999999999997,0.2796062221137163,51346.153846153844,-0.011538461538461608,101.88296153846154,-0.008035635836729282,0.9963461538461539,0,1,0.1249301324178938,0.13305001234602654,0.13214236488526096
Gujarat,2018,2W,0.14170316894674873,0.8582968310532092,23716555,0.16509789937703337,0.04521040361466766,0.030142892177179803,0.015067511437487857,0.1399462855265522,0.13349932290901093,0.05153060105181684,-0.030739892889376286,-0.08227049394119312,,,,48886.63967611336,0.07945021790144136,103.04412955465588,0.006357987718169422,1.0018623481781377,0,0,0.13389585129710765,0.12406453991172442,0.14112657998267175
Gujarat,2019,2W,0.13389585129710765,0.8661041487028488,22948956,0.15459537620535016,-0.08567859598757521,-0.023563650812022385,-0.06211494517555283,0.14170316894674873,0.1399462855265522,0.015067511437487857,0.04521040361466766,0.030142892177179803,,2.0655,0.19353569681872615,50816.32653061225,0.03947268348333144,102.7774693877551,-0.0025878249256241492,0.983469387755102,0,1,0.12406453991172442,0.14112657998267175,0.1371354725066676
Gujarat,2020,2W,0.12406453991172442,0.8759354600882311,22423458,0.14163646059353172,-0.09464229343556463,-0.011807295423780007,-0.08283499801178462,0.13389585129710765,0.14170316894674873,-0.06211494517555283,-0.08567859598757521,-0.023563650812022385,0.20261437908496727,1.4352,0.24053381764271378,49799.1967871486,-0.020015806196674202,101.52361445783133,-0.012199706194295112,0.9934939759036144,1,0,0.14112657998267175,0.1371354725066676,0.12706039002414898
Gujarat,2021,2W,0.14112657998267175,0.8588734200172888,25351702,0.16431573311943662,0.28607318016532246,0.10856608623922948,0.17750709392609298,0.12406453991172442,0.13389585129710765,-0.08283499801178462,-0.09464229343556463,-0.011807295423780007,0.4565217391304348,2.8139999999999996,0.35855308295511196,48464.163822525596,-0.026808323241219956,102.6139590443686,0.010739812528937742,1.0085324232081911,0,0,0.1371354725066676,0.12706039002414898,0.12288228566111242
Gujarat,2018,3W,0.1304815924606611,0.8695184075392914,21041650,0.15006173678160825,-0.039860732406817756,-0.04078039440713499,0.000919662000317234,0.13037290578109323,0.13275527997661837,-0.023054988165077894,0.09416781777204664,0.11722280593712453,,,,47679.324894514764,-0.026463993785640016,102.54540084388185,0.0022033025585193045,1.0235864978902953,0,0,0.13744081856768334,0.1338242910340791,0.13434255260185474
Gujarat,2019,3W,0.13744081856768334,0.8625591814322741,23431758,0.15934055562298735,0.1729825885397014,0.10467672294349906,0.06830586559620233,0.1304815924606611,0.13037290578109323,0.000919662000317234,-0.039860732406817756,-0.04078039440713499,-0.5354251012145749,2.0655,0.2181387865409135,54101.5625,0.1346964878318584,103.0959375,0.005368711337491394,1.0380859375,0,1,0.1338242910340791,0.13434255260185474,0.13318441514760654
Gujarat,2020,3W,0.1338242910340791,0.8661757089658761,22326567,0.154499987876436,-0.07223861039348167,-0.043171342257525724,-0.029067268135955948,0.13744081856768334,0.1304815924606611,0.06830586559620233,0.1729825885397014,0.10467672294349906,0.20261437908496727,1.4352,0.2355777145549311,51875.0,-0.04115523465703974,102.60141666666667,-0.0047967053341295696,1.00025,1,1,0.13434255260185474,0.13318441514760654,0.12837009140951622
Gujarat,2021,3W,0.13434255260185474,0.8656574473981054,25031957,0.15519117615688477,0.12551554853895985,0.1205027424241405,0.005012806114819357,0.1338242910340791,0.13744081856768334,-0.029067268135955948,-0.07223861039348167,-0.043171342257525724,0.4565217391304348,2.8139999999999996,0.3601091021471823,48523.9852398524,-0.06459787489441149,102.1380811808118,-0.004515878054200395,0.9553874538745388,0,0,0.13318441514760654,0.12837009140951622,0.12771123157772638
Gujarat,2018,4W,0.13709651125371172,0.8629034887462479,24751155,0.15887796742476715,0.2904983443286744,0.3152707284608669,-0.024772384132192515,0.13936145567629993,0.129923119351936,0.07405746227210253,-0.0485769253453433,-0.12263438761744583,,,,55871.21212121212,0.1532921810699588,102.19666666666666,-0.007664748814661171,1.0532954545454545,0,1,0.13540741117155794,0.13454117182157357,0.12403909787563329
Gujarat,2019,4W,0.13540741117155794,0.8645925888284024,25188865,0.15661394315339125,0.005146027594991054,0.01967650501281537,-0.014530477417824317,0.13709651125371172,0.13936145567629993,-0.024772384132192515,0.2904983443286744,0.3152707284608669,-0.5354251012145749,2.0655,0.18544589123802674,48981.48148148148,-0.12331450094161955,102.46574074074074,0.0026329046029625047,0.9949999999999999,0,0,0.13454117182157357,0.12403909787563329,0.1348051203904313
Gujarat,2020,4W,0.13454117182157357,0.8654588281783877,25811950,0.15545628744520085,0.018180997250172082,0.025763213752380443,-0.007582216502208361,0.13540741117155794,0.13709651125371172,-0.014530477417824317,0.005146027594991054,0.01967650501281537,0.20261437908496727,1.4352,0.219144451240997,51098.9010989011,0.04322898273748943,102.31084249084249,-0.0015117077061900241,0.9894139194139194,1,1,0.12403909787563329,0.1348051203904313,0.12722723572513936
Gujarat,2021,4W,0.12403909787563329,0.8759609021243216,22153531,0.14160330212401057,-0.20872847899515368,-0.131318741332493,-0.07740973766266068,0.13454117182157357,0.13540741117155794,-0.007582216502208361,0.018180997250172082,0.025763213752380443,0.4565217391304348,2.8139999999999996,0.3114836343974463,52551.02040816326,0.028417818740399392,102.3605306122449,0.0004856584130548125,1.0179591836734694,1,1,0.1348051203904313,0.12722723572513936,0.13449815298248774
Haryana,2018,2W,0.1270666679223545,0.8729333320775985,21236600,0.1455626881118694,-0.22662142979357092,-0.1673035219281045,-0.059317907865466424,0.13549214067772009,0.14058931494532867,-0.04398501537886634,0.004824277589485337,0.04880929296835168,,,,51450.892857142855,0.07276538156852386,102.4259375,0.00037281351142159913,0.9855357142857143,0,1,0.13134090221888475,0.130827344275707,0.13183353159644762
Haryana,2019,2W,0.13134090221888475,0.8686590977810739,24142700,0.15119941914493953,0.17508478897624724,0.1312774919765396,0.043807296999707646,0.1270666679223545,0.13549214067772009,-0.059317907865466424,-0.22662142979357092,-0.1673035219281045,,2.4779999999999998,0.1977717712827045,44066.14785992218,-0.14352996784185956,102.90708171206225,0.0046974840924667305,1.0029182879377432,1,0,0.130827344275707,0.13183353159644762,0.13446508651441877
Haryana,2020,2W,0.130827344275707,0.8691726557242508,23702950,0.1505192241091262,-0.022053508693365087,-0.01763417652372412,-0.004419332169640966,0.13134090221888475,0.1270666679223545,0.043807296999707646,0.17508478897624724,0.1312774919765396,0.7071428571428571,2.2227,0.29698418143083244,48255.813953488374,0.09507674931978016,102.51639534883721,-0.0037964963802802343,1.0151937984496124,1,0,0.13183353159644762,0.13446508651441877,0.1316082808443538
Haryana,2021,2W,0.13183353159644762,0.8681664684035059,21482395,0.15185265100854273,-0.08671219615387837,-0.09473183031747079,0.008019634163592415,0.130827344275707,0.13134090221888475,-0.004419332169640966,-0.022053508693365087,-0.01763417652372412,0.601115760111576,4.706799999999999,0.4843278999093666,47351.69491525424,-0.01873596079232187,102.74686440677965,0.0022481190170431375,0.980635593220339,1,0,0.13446508651441877,0.1316082808443538,0.12942423921223328
Haryana,2018,3W,0.12758716196829037,0.8724128380316679,23915878,0.14624614650330553,-0.03818774408906511,0.05021449735117356,-0.08840224144023867,0.13769920096085148,0.13442410298592697,0.027701108779514705,0.008113500670643647,-0.019587608108871057,,,,50697.211155378485,0.06506746124744711,102.96772908366535,0.00011003768260509084,1.0027490039840636,0,1,0.13102414668229664,0.13484754280383796,0.1330981651605986
Haryana,2019,3W,0.13102414668229664,0.8689758533176594,22726559,0.15077978910722498,-0.024130559531015505,-0.05347297965507858,0.029342420124063073,0.12758716196829037,0.13769920096085148,-0.08840224144023867,-0.03818774408906511,0.05021449735117356,4.833333333333333,2.4779999999999998,0.17561554705387966,48886.63967611336,-0.035713433500632386,102.51024291497976,-0.0044430053256186985,1.0051012145748988,1,0,0.13484754280383796,0.1330981651605986,0.1365204389479359
Haryana,2020,3W,0.13484754280383796,0.8651524571961186,22943325,0.15586546141867852,0.03899718174393363,0.005096149741723899,0.03390103200220973,0.13102414668229664,0.12758716196829037,0.029342420124063073,-0.024130559531015505,-0.05347297965507858,0.7071428571428571,2.2227,0.31548990750623973,51741.80327868852,0.05840376064894959,102.18004098360656,-0.0032211603639166198,1.048483606557377,1,1,0.1330981651605986,0.1365204389479359,0.1283328158066564
Haryana,2021,3W,0.1330981651605986,0.8669018348393573,22666616,0.1535329679539721,-0.024877086840962903,-0.010062886301168472,-0.014814200539794431,0.13484754280383796,0.13102414668229664,0.03390103200220973,0.03899718174393363,0.005096149741723899,0.601115760111576,4.706799999999999,0.5003633952357109,51562.5,-0.0034653465346534684,102.58945833333334,0.00400682311130085,0.9877916666666666,1,1,0.1365204389479359,0.1283328158066564,0.1366426955181965
Haryana,2018,4W,0.12818038143454474,0.8718196185654106,22322519,0.1470260953973156,-0.08662903554803203,-0.04896773723468839,-0.03766129831334364,0.13276398397350847,0.13742489321325596,-0.03419819516842815,-0.1597476473027465,-0.12554945213431834,,,,51748.97119341564,0.022609151869886768,102.06148148148148,-0.013584758456801516,0.9993415637860082,0,1,0.13198162877617117,0.12726179661039366,0.12681102302699657
Haryana,2019,4W,0.13198162877617117,0.8680183712237864,23548785,0.15204917442118307,0.08621858037702324,0.05033438311389693,0.035884197263126305,0.12818038143454474,0.13276398397350847,-0.03766129831334364,-0.08662903554803203,-0.04896773723468839,4.833333333333333,2.4779999999999998,0.18815080852293112,49400.0,-0.0453916500994036,102.51176,0.0044118360029901105,0.99264,1,0,0.12726179661039366,0.12681102302699657,0.13744692341867254
Haryana,2020,4W,0.12726179661039366,0.8727382033895609,21963237,0.14581881519259351,-0.10068381441869334,-0.06225898055347989,-0.03842483386521345,0.13198162877617117,0.12818038143454474,0.035884197263126305,0.08621858037702324,0.05033438311389693,0.7071428571428571,2.2227,0.3044743071438827,47987.28813559322,-0.02859740616208062,102.38936440677966,-0.0011939663626917563,1.0141101694915255,1,0,0.12681102302699657,0.13744692341867254,0.12828029271832359
Haryana,2021,4W,0.12681102302699657,0.8731889769729586,22296997,0.14522730032541786,0.011600379380776404,0.01572065669749345,-0.004120277316717047,0.12726179661039366,0.13198162877617117,-0.03842483386521345,-0.10068381441869334,-0.06225898055347989,0.601115760111576,4.706799999999999,0.522691623041407,50100.4016064257,0.04403485908313165,102.39738955823293,7.837876033089941e-05,1.0183132530120482,1,1,0.13744692341867254,0.12828029271832359,0.12514811853309185
Jharkhand,2018,2W,0.1325728159115274,0.8674271840884313,24172052,0.15283434218919967,-0.008133501091822981,0.006301969083977177,-0.014435470175800158,0.13424324514445996,0.1413562474893663,-0.06488372184032665,0.05144911146222686,0.1163328333025535,,,,51476.37795275591,0.005950592053855841,102.53850393700787,-0.0016678130292752114,1.0010629921259844,1,1,0.1241396757324707,0.130850541139986,0.13056989733061894
Jharkhand,2019,2W,0.1241396757324707,0.8758603242674846,22321816,0.14173439595165743,-0.13528671825778105,-0.0675665834187632,-0.06772013483901784,0.1325728159115274,0.13424324514445996,-0.014435470175800158,-0.008133501091822981,0.006301969083977177,,4.9493,0.4761697515477091,53514.0562248996,0.03958472513380484,102.38919678714859,-0.0014561081362276518,0.9876305220883533,1,1,0.130850541139986,0.13056989733061894,0.1374490315986167
Jharkhand,2020,2W,0.130850541139986,0.8691494588599735,24677995,0.15054993045924053,0.16532017236955454,0.09708419499914922,0.06823597737040532,0.1241396757324707,0.1325728159115274,-0.06772013483901784,-0.13528671825778105,-0.0675665834187632,-0.05473501303214601,5.7664,0.48741553980759655,49339.622641509435,-0.07800630110800377,102.18924528301888,-0.0019528574342211336,1.0058490566037737,0,0,0.13056989733061894,0.1374490315986167,0.12799248236309582
Jharkhand,2021,2W,0.13056989733061894,0.8694301026693366,22454992,0.1501785442569766,-0.09203193802415455,-0.08978656494007653,-0.0022453730840780173,0.130850541139986,0.1241396757324707,0.06823597737040532,0.16532017236955454,0.09708419499914922,-0.9126838235294118,0.513,0.038495834026023655,51315.78947368421,0.040052329676964815,102.68230769230769,0.0048249931577755145,1.0089473684210526,0,1,0.1374490315986167,0.12799248236309582,0.1381928461791661
Jharkhand,2018,3W,0.12953991485916644,0.8704600851407901,22983333,0.14881758308381401,-0.0664467765740856,-0.04581451754025956,-0.02063225903382604,0.13202487019690776,0.12992125229337412,0.01833932038426178,0.0014532706597276679,-0.016886049724534113,,,,51219.51219512195,0.07654860662659568,102.43873983739837,0.0077931851600423485,0.9980894308943089,1,1,0.13078144360539215,0.1335335716044004,0.1414596387304426
Jharkhand,2019,3W,0.13078144360539215,0.8692185563945656,23637803,0.15045846891418355,0.03833290956547608,0.027008947382679782,0.011323962182796299,0.12953991485916644,0.13202487019690776,-0.02063225903382604,-0.0664467765740856,-0.04581451754025956,3.2629629629629626,4.9493,0.5007976865231872,50686.27450980392,-0.010410830999066256,102.1346274509804,-0.0029687243995845103,0.9826666666666667,1,1,0.1335335716044004,0.1414596387304426,0.1239069739012863
Jharkhand,2020,3W,0.1335335716044004,0.8664664283955483,19462147,0.15411262700511047,-0.1593252993964519,-0.17925850526639264,0.01993320586994074,0.13078144360539215,0.12953991485916644,0.011323962182796299,0.03833290956547608,0.027008947382679782,-0.05473501303214601,5.7664,0.4602796628517974,50833.333333333336,0.0029013539651838727,102.28457142857143,0.001468101282916967,0.9826666666666666,0,1,0.1414596387304426,0.1239069739012863,0.1367498110796236
Jharkhand,2021,3W,0.1414596387304426,0.8585403612695114,21723115,0.16476741262793498,0.18242453392846847,0.10596231567290793,0.07646221825556054,0.1335335716044004,0.13078144360539215,0.01993320586994074,-0.1593252993964519,-0.17925850526639264,-0.9126838235294118,0.513,0.04881270291052025,49568.96551724138,-0.02487280949689097,103.12491379310345,0.008215729437932362,1.0275,0,0,0.1239069739012863,0.1367498110796236,0.12221260323898299
Jharkhand,2018,4W,0.13826275851788436,0.8617372414820762,25345538,0.1604463535006763,0.143400820205146,0.12259218681544382,0.02080863338970218,0.13608895993801415,0.12969848024033886,0.059067560748914394,0.09473301076643814,0.03566545001752375,,,,46666.666666666664,-0.051046025104602655,102.63707407407406,0.010473047295816107,0.9983703703703704,1,0,0.1372654951454124,0.1314801134174615,0.13504762761661432
Jharkhand,2019,4W,0.1372654951454124,0.8627345048545452,23537146,0.15910495670229194,-0.07804770307937803,-0.07027482105602834,-0.007772882023349692,0.13826275851788436,0.13608895993801415,0.02080863338970218,0.143400820205146,0.12259218681544382,3.2629629629629626,4.9493,0.45412332519667825,50102.88065843622,0.07363315696649053,102.15748971193416,-0.004672623089331029,1.009835390946502,1,1,0.1314801134174615,0.13504762761661432,0.1330419911283569
Jharkhand,2020,4W,0.1314801134174615,0.8685198865825002,26099331,0.15138393957895022,0.062121653886700656,0.11629292730121099,-0.054171273414510335,0.1372654951454124,0.13826275851788436,-0.007772882023349692,-0.07804770307937803,-0.07027482105602834,-0.05473501303214601,5.7664,0.46224805655611434,49561.40350877193,-0.010807305738679385,103.07508771929825,0.008982190243236765,1.0173333333333334,0,0,0.13504762761661432,0.1330419911283569,0.1327192206426228
Jharkhand,2021,4W,0.13504762761661432,0.8649523723833474,26074053,0.1561328412935087,0.026138678722662068,-0.005072131431615667,0.031210810154277735,0.1314801134174615,0.1372654951454124,-0.054171273414510335,0.062121653886700656,0.11629292730121099,-0.9126838235294118,0.513,0.036399400415129644,52238.80597014925,0.05402192576938303,102.35638059701492,-0.006972655936423489,0.9697388059701492,0,1,0.1330419911283569,0.1327192206426228,0.1313138489788563
Karnataka,2018,2W,0.1374338465561565,0.8625661534437989,22393392,0.15933118483291642,0.22875507504620396,0.050081790530347225,0.17867328451585673,0.11984459506046714,0.1278456582902608,-0.06883500957512123,-0.10076443695118475,-0.031929427376063524,,,,52254.098360655735,0.07617136211876807,101.74709016393443,-0.009083030692836225,0.991516393442623,0,1,0.12588708651214803,0.12610587060630285,0.126164419169799
Karnataka,2019,2W,0.12588708651214803,0.874112913487813,25556132,0.14401679754740931,0.04535240007668295,0.15651258644356214,-0.11116018636687919,0.1374338465561565,0.11984459506046714,0.17867328451585673,0.22875507504620396,0.050081790530347225,,3.0422,0.25632561594227193,51075.2688172043,-0.022559561458992183,102.60641577060932,0.008445702037181979,0.9886379928315412,0,1,0.12610587060630285,0.126164419169799,0.1320144761377766
Karnataka,2020,2W,0.12610587060630285,0.873894129393652,22124989,0.14430320797622573,-0.13275448396378575,-0.13447577761617657,0.0017212936523908207,0.12588708651214803,0.1374338465561565,-0.11116018636687919,0.04535240007668295,0.15651258644356214,-0.132404181184669,2.0418,0.19486516966070408,48155.737704918036,-0.05716134598792055,102.95200819672131,0.0033681366171547378,0.9695491803278689,0,0,0.126164419169799,0.1320144761377766,0.13250926108068886
Karnataka,2021,2W,0.126164419169799,0.8738355808301546,21520386,0.14437987827190912,-0.026875109091423877,-0.027391869354573273,0.0005167602631493962,0.12610587060630285,0.12588708651214803,0.0017212936523908207,-0.13275448396378575,-0.13447577761617657,-0.3614457831325302,1.0176,0.14372888495278852,50312.5,0.044787234042553026,102.68129166666667,-0.002629541033695615,0.9894166666666667,1,1,0.1320144761377766,0.13250926108068886,0.1381635019644965
Karnataka,2018,3W,0.14179583972078416,0.8582041602791755,24755550,0.16522370906585757,0.2064496416464774,0.0703743675022952,0.1360752741441822,0.12784738831730527,0.13079191689173858,-0.02628205328824096,-0.008119995527337776,0.018162057760903183,,,,49644.128113879,-0.0376676704078841,102.29686832740212,-0.0006434936097029498,1.0308185053380783,0,0,0.13115466629953962,0.12900701031414424,0.12882170140585833
Karnataka,2019,3W,0.13115466629953962,0.8688453337004172,23113154,0.15095266126168916,-0.1364114187259311,-0.054767836825773686,-0.08164358190015741,0.14179583972078416,0.12784738831730527,0.1360752741441822,0.2064496416464774,0.0703743675022952,-0.5004351610095735,3.0422,0.23186719736306924,49600.0,-0.000888888888888828,102.94508,0.006336573965522341,0.9884400000000001,0,0,0.12900701031414424,0.12882170140585833,0.12826108487592613
Karnataka,2020,3W,0.12900701031414424,0.8709929896858151,24550255,0.14811469636051064,0.044783627883900445,0.0648023011533454,-0.020018673269444953,0.13115466629953962,0.14179583972078416,-0.08164358190015741,-0.1364114187259311,-0.054767836825773686,-0.132404181184669,2.0418,0.21546172356422594,46217.71217712177,-0.06819128675157715,102.36464944649447,-0.005638254431445722,0.9814760147601477,0,0,0.12882170140585833,0.12826108487592613,0.12827293601345244
Karnataka,2021,3W,0.12882170140585833,0.871178298594097,22346755,0.14787048040942877,-0.09106216778149478,-0.08956100845995196,-0.001501159321542822,0.12900701031414424,0.13115466629953962,-0.020018673269444953,0.044783627883900445,0.0648023011533454,-0.3614457831325302,1.0176,0.12953022274940515,49680.85106382979,0.07493098908565843,101.85731914893617,-0.004956108386064195,1.0170212765957447,1,0,0.12826108487592613,0.12827293601345244,0.1331300142189931
Karnataka,2018,4W,0.13773226500996547,0.8622677349899943,24847533,0.15973241220622905,0.15026907226786035,0.10189542528703233,0.04837364698082802,0.13270872279680077,0.12816671411328878,0.03967387130737288,0.010623832562203006,-0.02905003874516987,,,,49805.44747081712,0.02590708038178846,101.86357976653696,0.0012926609247136955,0.9838910505836577,0,0,0.13522940315636695,0.1411764705882295,0.13417211460058664
Karnataka,2019,4W,0.13522940315636695,0.8647705968435861,21265989,0.15637586115218616,-0.1596934465552038,-0.14165656875684762,-0.018036877798356166,0.13773226500996547,0.13270872279680077,0.04837364698082802,0.15026907226786035,0.10189542528703233,-0.5004351610095735,3.0422,0.23100884895453855,48390.557939914164,-0.02840832886266087,101.8530042918455,-0.00010381997879616023,0.9931330472103005,0,0,0.1411764705882295,0.13417211460058664,0.12802125238444587
Karnataka,2020,4W,0.1411764705882295,0.8588235294117293,24260360,0.16438337023854152,0.1909755486063467,0.13296025785904897,0.05801529074729772,0.13522940315636695,0.13773226500996547,-0.018036877798356166,-0.1596934465552038,-0.14165656875684762,-0.132404181184669,2.0418,0.23417674097631824,54417.29323308271,0.12454362069252967,102.17135338345865,0.003125573897662992,0.9977819548872181,0,1,0.13417211460058664,0.12802125238444587,0.13773206443335492
Karnataka,2021,4W,0.13417211460058664,0.865827885399373,24780954,0.15496377732731598,-0.029220214236996722,0.029789394648561007,-0.05900960888555773,0.1411764705882295,0.13522940315636695,0.05801529074729772,0.1909755486063467,0.13296025785904897,-0.3614457831325302,1.0176,0.13107802187144874,47423.6641221374,-0.12851850386953034,102.25522900763359,0.0008209309302200651,1.0182442748091602,1,0,0.12802125238444587,0.13773206443335492,0.1249587635018384
Kerala,2018,2W,0.1353889053991006,0.8646110946008547,22353161,0.1565891875033305,-0.02080074857845804,-0.044325443563734024,0.023524694985275985,0.13256745957584903,0.1338021037877131,-0.011421038036261155,0.06222816271245635,0.0736492007487175,,,,43586.95652173913,-0.15565378124246565,102.52847826086956,0.005117220665794564,0.9951304347826087,1,0,0.12913885448680204,0.13706891653203224,0.1387071746387985
Kerala,2019,2W,0.12913885448680204,0.8708611455131566,24171664,0.14828851518251124,0.031434028225233446,0.08917010589083318,-0.05773607766559974,0.1353889053991006,0.13256745957584903,0.023524694985275985,-0.02080074857845804,-0.044325443563734024,,3.2277,0.27244468902074087,48100.0,0.10354114713216966,102.83456,0.002985333873303464,0.9893200000000001,0,0,0.13706891653203224,0.1387071746387985,0.12785955021637016
Kerala,2020,2W,0.13706891653203224,0.8629310834679286,25500311,0.1588409089869313,0.11974976141285865,0.045360598870421986,0.07438916254243666,0.12913885448680204,0.1353889053991006,-0.05773607766559974,0.031434028225233446,0.08917010589083318,-0.32840722495894914,2.045,0.16920638969282115,48200.757575757576,0.0020947520947520726,101.34102272727273,-0.014523690019457192,1.0049621212121211,0,0,0.1387071746387985,0.12785955021637016,0.1298256205140279
Kerala,2021,2W,0.1387071746387985,0.8612928253611594,23675603,0.16104512833426565,-0.06045947415100272,-0.07331893630955244,0.012859462158549717,0.13706891653203224,0.12913885448680204,0.07438916254243666,0.11974976141285865,0.045360598870421986,-0.8533007334963325,0.264,0.023529124792427383,49511.71875,0.027197937131630656,103.563984375,0.021935457013392057,1.0097265625,0,0,0.12785955021637016,0.1298256205140279,0.1278174988056677
Kerala,2018,3W,0.13364659817721633,0.8663534018227362,21034385,0.15426319517282444,-0.15270755119608226,-0.15313575472143537,0.00042820352535311024,0.13358807886266524,0.131715957124428,0.01760498177070935,0.0907645568388451,0.07315957506813575,,,,49563.318777292574,0.016885586047036494,101.6243231441048,-0.00011077076639365302,1.0107860262008734,1,0,0.12761744580227943,0.13342204843399544,0.13274862577709268
Kerala,2019,3W,0.12761744580227943,0.872382554197679,24015588,0.1462859371754752,0.0902235151577242,0.149675542910632,-0.05945202775290781,0.13364659817721633,0.13358807886266524,0.00042820352535311024,-0.15270755119608226,-0.15313575472143537,3.477941176470588,3.2277,0.2895259356099425,49612.40310077519,0.0009903356896492355,102.88461240310077,0.012401452919975187,0.9948449612403102,0,0,0.13342204843399544,0.13274862577709268,0.1382629320175061
Kerala,2020,3W,0.13342204843399544,0.8665779515659645,24931494,0.15396410008908376,0.08535705988760145,0.031230484020165372,0.05412657586743608,0.12761744580227943,0.13364659817721633,-0.05945202775290781,0.0902235151577242,0.149675542910632,-0.32840722495894914,2.045,0.1703060528144029,49635.03649635037,0.0004562043795621751,102.80233576642335,-0.0007996981740580056,1.0075547445255475,0,0,0.13274862577709268,0.1382629320175061,0.13510327020208868
Kerala,2021,3W,0.13274862577709268,0.8672513742228578,20169399,0.153068045384192,-0.1950904443257312,-0.19037853268140648,-0.004711911644324718,0.13342204843399544,0.12761744580227943,0.05412657586743608,0.08535705988760145,0.031230484020165372,-0.8533007334963325,0.264,0.024065946459499804,50348.83720930233,0.014380984952120368,102.33367441860466,-0.004558858943473187,1.0046511627906978,1,1,0.1382629320175061,0.13510327020208868,0.13634390740839403
Kerala,2018,4W,0.13624341533407686,0.8637565846658786,22416665,0.15773339389752386,-0.06368092855566188,-0.06596134137549525,0.0022804128198333773,0.13595670679364075,0.13326329555750888,0.022937370367076992,0.00352635908808141,-0.019411011278995582,,,,44959.67741935484,-0.058685368898232726,101.88056451612904,-0.002492118448245817,1.0041532258064516,1,0,0.13540254973288665,0.13325115872851914,0.13219989305785354
Kerala,2019,4W,0.13540254973288665,0.864597450267071,23555487,0.15660743977861785,0.0443171411236547,0.05182542664077894,-0.007508285517124236,0.13624341533407686,0.13595670679364075,0.0022804128198333773,-0.06368092855566188,-0.06596134137549525,3.477941176470588,3.2277,0.2716728825310666,47851.5625,0.06432174887892361,101.7712890625,-0.001072583903986346,1.0178515625,0,0,0.13325115872851914,0.13219989305785354,0.12611649074156359
Kerala,2020,4W,0.13325115872851914,0.8667488412714441,27178713,0.15373658278731459,0.13548382444372464,0.15668770531140752,-0.02120388086768288,0.13540254973288665,0.13624341533407686,-0.007508285517124236,0.0443171411236547,0.05182542664077894,-0.32840722495894914,2.045,0.17363258073431787,47619.04761904762,-0.004859086491739606,102.64350340136053,0.00857033793022799,0.9964965986394557,0,0,0.13219989305785354,0.12611649074156359,0.13454223174914987
Kerala,2021,4W,0.13219989305785354,0.8678001069421017,22311130,0.15233893112177568,-0.18557182677798045,-0.17809975736420725,-0.007472069413773208,0.13325115872851914,0.13540254973288665,-0.02120388086768288,0.13548382444372464,0.15668770531140752,-0.8533007334963325,0.264,0.02207610050480459,51310.48387096774,0.07752016129032269,102.72713709677419,0.0008147977479551205,0.9893951612903226,1,1,0.12611649074156359,0.13454223174914987,0.1353741430053081
Madhya Pradesh,2018,2W,0.12920000738071072,0.8707999926192427,21407135,0.14836915492263725,-0.014178524875952614,0.021146016396548006,-0.03532454127250062,0.13321286040800973,0.13449364275172104,-0.011076204664763112,-0.0029152912945699105,0.008160913370193201,,,,48268.39826839827,0.028522878990168588,102.92489177489178,0.004012104713338349,0.9863203463203464,1,0,0.1291424289189336,0.12895849608606375,0.1289475712495954
Madhya Pradesh,2019,2W,0.1291424289189336,0.8708575710810244,23725905,0.1482932283236588,0.10782369815337467,0.10839090745280933,-0.0005672092994346567,0.12920000738071072,0.13321286040800973,-0.03532454127250062,-0.014178524875952614,0.021146016396548006,,3.5100000000000002,0.27327337344615554,49899.5983935743,0.03379437030633747,102.85204819277108,-0.0007077353287873178,1.0060642570281124,0,1,0.12895849608606375,0.1289475712495954,0.13278265215131224
Madhya Pradesh,2020,2W,0.12895849608606375,0.8710415039138896,21361648,0.1480507501145001,-0.10093109675162149,-0.09945859728957918,-0.0014724994620423093,0.1291424289189336,0.12920000738071072,-0.0005672092994346567,0.10782369815337467,0.10839090745280933,-0.3350427350427351,2.2951,0.16395581110016424,47629.31034482759,-0.04549712065496425,102.39202586206896,-0.0044726608636895815,0.9665948275862069,1,0,0.1289475712495954,0.13278265215131224,0.13581689665438162
Madhya Pradesh,2021,2W,0.1289475712495954,0.8710524287503612,22964690,0.14803635115079838,0.07495191969118253,0.07505647641555413,-0.00010455672437159613,0.12895849608606375,0.1291424289189336,-0.0014724994620423093,-0.10093109675162149,-0.09945859728957918,1.0154241645244215,4.8608,0.3670128819803543,51214.574898785424,0.0752743327165808,102.32870445344129,-0.0006184212891048313,0.9669635627530364,1,1,0.13278265215131224,0.13581689665438162,0.13247555195629723
Madhya Pradesh,2018,3W,0.13402090402061798,0.8659790959793372,22282412,0.15476210670760704,-0.02520686097186542,-0.054655939172216006,0.029449078200350587,0.13050042989945965,0.13695114948620973,-0.055439532822186166,-0.032037083963416535,0.02340244885876963,,,,48012.55230125523,-0.03233388798242365,102.24347280334727,-0.004430764989897695,1.0095397489539748,0,0,0.1341148875562285,0.1234191784268865,0.13683929859598887
Madhya Pradesh,2019,3W,0.1341148875562285,0.8658851124437318,25149460,0.15488744492936274,0.12946014628760794,0.12854616292211962,0.0009139833654883134,0.13402090402061798,0.13050042989945965,0.029449078200350587,-0.02520686097186542,-0.054655939172216006,0.25267665952890783,3.5100000000000002,0.26253890276217007,50547.44525547445,0.052796463273062644,103.3398905109489,0.010723596113665357,1.0132116788321168,0,1,0.1234191784268865,0.13683929859598887,0.13553488375707307
Madhya Pradesh,2020,3W,0.1234191784268865,0.8765808215730687,22318379,0.14079595924702704,-0.1833430825602883,-0.10160841415462496,-0.08173466840566335,0.1341148875562285,0.13402090402061798,0.0009139833654883134,0.12946014628760794,0.12854616292211962,-0.3350427350427351,2.2951,0.15467528918924095,52685.95041322314,0.04230688904138202,102.83681818181817,-0.0048681329798527795,0.9781404958677686,1,1,0.13683929859598887,0.13553488375707307,0.1304404008887402
Madhya Pradesh,2021,3W,0.13683929859598887,0.8631607014039696,24017998,0.15853263458447456,0.19317005237943796,0.05967783560946005,0.1334922167699779,0.1234191784268865,0.1341148875562285,-0.08173466840566335,-0.1833430825602883,-0.10160841415462496,1.0154241645244215,4.8608,0.3512799919961571,50094.69696969697,-0.04918300653594765,103.26568181818182,0.00417033163750169,0.9706060606060607,1,1,0.13553488375707307,0.1304404008887402,0.1412408886742402
Madhya Pradesh,2018,4W,0.13016356802433984,0.8698364319756148,22000388,0.1496412585150611,-0.0372771371352324,-0.04452360061889871,0.00724646348366631,0.12931051197212326,0.13080124935697626,-0.012299316055499165,-0.07267334467915831,-0.06037402862365915,,,,46887.96680497925,-0.060353824189953054,102.44842323651451,0.0007315279344410897,1.0142323651452283,1,0,0.13121648410540113,0.12836855711651485,0.13268030554857635
Madhya Pradesh,2019,4W,0.13121648410540113,0.8687835158945506,20687759,0.15103455656123552,-0.052057357588168096,-0.06080215652206988,0.008744798933901787,0.13016356802433984,0.12931051197212326,0.00724646348366631,-0.0372771371352324,-0.04452360061889871,0.25267665952890783,3.5100000000000002,0.2659044012015132,46710.52631578947,-0.0037843502561714093,102.5355701754386,0.0008506420711120732,1.0164473684210527,0,0,0.12836855711651485,0.13268030554857635,0.1362608036192638
Madhya Pradesh,2020,4W,0.12836855711651485,0.8716314428834361,20339903,0.14727372548440312,-0.03815367046406892,-0.013591637408263302,-0.02456203305580562,0.13121648410540113,0.13016356802433984,0.008744798933901787,-0.052057357588168096,-0.06080215652206988,-0.3350427350427351,2.2951,0.18803389956928931,51068.37606837607,0.09329481160467079,102.84350427350428,0.003003192916748887,1.004102564102564,1,1,0.13268030554857635,0.1362608036192638,0.131036295995234
Madhya Pradesh,2021,4W,0.13268030554857635,0.8673196944513843,25372070,0.15297721638303816,0.2893025058559848,0.2412330850325224,0.04806942082346244,0.12836855711651485,0.13121648410540113,-0.02456203305580562,-0.03815367046406892,-0.013591637408263302,1.0154241645244215,4.8608,0.3854492322871701,52211.53846153846,0.022384937238493663,101.60173076923077,-0.01207439899141427,1.011346153846154,1,1,0.1362608036192638,0.131036295995234,0.12831713643034012
Maharashtra,2018,2W,0.1313917108196127,0.8686082891803407,21431938,0.15126675762770153,-0.12402891223861434,-0.0927240853628819,-0.03130482687573244,0.13545127094880047,0.128810107777869,0.0610667824461244,0.08506760969086291,0.02400082724473851,,,,48060.34482758621,-0.006046575910441443,102.78775862068964,-0.003172808086938206,0.9753879310344827,1,0,0.13537588460488872,0.14327527104575072,0.13115437485171946
Maharashtra,2019,2W,0.13537588460488872,0.8646241153950663,22223057,0.15657176988553298,0.06835526827437288,0.03215692514148749,0.03619834313288539,0.1313917108196127,0.13545127094880047,-0.03130482687573244,-0.12402891223861434,-0.0927240853628819,,3.6111999999999997,0.2762232700205538,48037.19008264463,-0.00048178482748406637,102.71347107438017,-0.0007227275631489505,0.9746280991735536,0,0,0.14327527104575072,0.13115437485171946,0.13011896143110974
Maharashtra,2020,2W,0.14327527104575072,0.8567247289542044,22249841,0.1672358681472602,0.059627065753776076,-0.007941985338121405,0.06756905109189748,0.13537588460488872,0.1313917108196127,0.03619834313288539,0.06835526827437288,0.03215692514148749,-0.6655405405405406,0.7524,0.08909665304413492,47210.30042918455,-0.017213530850523795,101.61090128755365,-0.01073442242087308,0.9957939914163091,0,0,0.13115437485171946,0.13011896143110974,0.1367842306628708
Maharashtra,2021,2W,0.13115437485171946,0.8688456251482405,24924079,0.15095227518360013,0.025424643302135674,0.13603973856033602,-0.11061509525820035,0.14327527104575072,0.13537588460488872,0.06756905109189748,0.059627065753776076,-0.007941985338121405,1.5505050505050506,1.5150000000000001,0.2269679139608378,50284.09090909091,0.06510847107438011,102.74628787878788,0.011173865961695784,0.972689393939394,0,1,0.13011896143110974,0.1367842306628708,0.13313819171489272
Maharashtra,2018,3W,0.13841939438613257,0.8615806056138265,24451653,0.1606573230953751,0.026679358411663356,-0.03132929163218334,0.0580086500438467,0.13162797268155788,0.1290817047278684,0.023047246415846212,0.037625287527084605,0.014578041111238393,,,,48214.28571428572,-0.017588614393125535,103.20372180451128,0.006985572181315014,1.008609022556391,0,0,0.12690871303127738,0.12334508548935329,0.13442186129679978
Maharashtra,2019,3W,0.12690871303127738,0.8730912869686779,22293883,0.14535543942542034,-0.16406600163151563,-0.07606539495050801,-0.08800060668100762,0.13841939438613257,0.13162797268155788,0.0580086500438467,0.026679358411663356,-0.03132929163218334,0.6914285714285715,3.6111999999999997,0.24211042082017506,48547.717842323655,0.006915629322268302,102.02580912863071,-0.01141347090283984,0.9767634854771784,0,0,0.12334508548935329,0.13442186129679978,0.12426586706555556
Maharashtra,2020,3W,0.12334508548935329,0.8766549145106021,22339447,0.14069954180165584,-0.026093844104947972,0.006133752076526555,-0.03222759618147453,0.12690871303127738,0.13841939438613257,-0.08800060668100762,-0.16406600163151563,-0.07606539495050801,-0.6655405405405406,0.7524,0.08881359963680907,48715.41501976285,0.003454275193405687,102.49620553359684,0.00461056284663286,1.0317391304347825,0,0,0.13442186129679978,0.12426586706555556,0.13966977050167662
Maharashtra,2021,3W,0.13442186129679978,0.8655781387031564,22741048,0.15529702055689065,0.10939476189283748,0.005114791238106431,0.10427997065473105,0.12334508548935329,0.12690871303127738,-0.03222759618147453,-0.026093844104947972,0.006133752076526555,1.5505050505050506,1.5150000000000001,0.22605752048112135,49797.57085020243,0.022213827594419033,102.15279352226722,-0.0033504851183691065,0.9997975708502024,1,0,0.12426586706555556,0.13966977050167662,0.13282774859675947
Maharashtra,2018,4W,0.13257863004728063,0.8674213699526763,23163982,0.15284206937678316,0.06018663958302972,0.06193221147155925,-0.001745571888529529,0.1327679359979787,0.13282055356594538,-0.0004067385858258499,-0.1100066057300868,-0.10959986714426095,,,,48463.11475409836,0.002975766215252973,102.70926229508197,0.0039342226328509255,1.011639344262295,0,0,0.1361622370813103,0.1327309049623485,0.13124664449957574
Maharashtra,2019,4W,0.1361622370813103,0.8638377629186491,24606705,0.15762459723532135,0.09099659432330776,0.05789438505568101,0.03310220926762675,0.13257863004728063,0.1327679359979787,-0.001745571888529529,0.06018663958302972,0.06193221147155925,0.6914285714285715,3.6111999999999997,0.25556918484241214,51568.26568265683,0.06407245890640723,102.15383763837637,-0.005407736793103135,1.0262730627306274,0,1,0.1327309049623485,0.13124664449957574,0.134108087980936
Maharashtra,2020,4W,0.1327309049623485,0.8672690950376063,22071559,0.15304448489785993,-0.12563065138856722,-0.09946368121001492,-0.026166970178552296,0.1361622370813103,0.13257863004728063,0.03310220926762675,0.09099659432330776,0.05789438505568101,-0.6655405405405406,0.7524,0.08046587298849404,50747.86324786325,-0.015909056159503332,102.06893162393163,-0.0008311583432166758,0.9744871794871794,0,1,0.13124664449957574,0.134108087980936,0.13639648345511288
Maharashtra,2021,4W,0.13124664449957574,0.8687533555003819,23597449,0.1510745168281554,0.05717820109244398,0.07096350163548903,-0.013785300543045054,0.1327309049623485,0.1361622370813103,-0.026166970178552296,-0.12563065138856722,-0.09946368121001492,1.5505050505050506,1.5150000000000001,0.228801236818477,53238.866396761136,0.04908587257617736,102.68089068825911,0.005995546877890501,0.9969230769230769,1,1,0.134108087980936,0.13639648345511288,0.13326863442776452
Odisha,2018,2W,0.13423398330149985,0.8657660166984565,22898352,0.15504631235940586,-0.022280488914307672,-0.0629939317221494,0.04071344280784173,0.1293674361970361,0.13226167149296095,-0.030489046760773242,0.18256157439050025,0.2130506211512735,,,,49110.671936758896,-0.0953731690304579,101.74699604743084,-0.016660185404468675,0.9999604743083005,1,0,0.13358550053505588,0.13102718773529734,0.13571677333187768
Odisha,2019,2W,0.13358550053505588,0.8664144994649016,23464590,0.15418179916859556,0.019777879499774942,0.025495879743440142,-0.0057180002436652,0.13423398330149985,0.1293674361970361,0.04071344280784173,-0.022280488914307672,-0.0629939317221494,,1.9162,0.3218572234709916,48084.291187739465,-0.020899342414641087,102.23727969348658,0.004818654752491991,1.0053639846743294,0,0,0.13102718773529734,0.13571677333187768,0.12943939548211364
Odisha,2020,2W,0.13102718773529734,0.8689728122646644,26104712,0.15078381636590704,0.0912092374962874,0.11580014442652198,-0.02459090693023458,0.13358550053505588,0.13423398330149985,-0.0057180002436652,0.019777879499774942,0.025495879743440142,-0.20217096336499318,3.7632000000000003,0.2505903575342291,49738.675958188156,0.03440593028582528,102.61428571428571,0.003687559194937684,1.0018118466898953,0,0,0.13571677333187768,0.12943939548211364,0.1274202980932842
Odisha,2021,2W,0.13571677333187768,0.8642832266680732,20317776,0.15702794190180153,-0.19382492302861598,-0.22588201479570547,0.032057091767089485,0.13102718773529734,0.13358550053505588,-0.02459090693023458,0.0912092374962874,0.11580014442652198,-0.15646258503401356,3.1744000000000003,0.19000401146352275,53240.74074074074,0.07040928844781713,101.76648148148149,-0.008262048767408547,1.0099074074074075,1,1,0.12943939548211364,0.1274202980932842,0.13349105601065778
Odisha,2018,3W,0.13892448269295157,0.8610755173070054,23185215,0.16133813883048898,0.023473199791174126,-0.0003101588024084778,0.023783358593582604,0.13613565909445816,0.13341774082788901,0.02476018632623922,0.07472959483876429,0.04996940851252507,,,,52490.03984063745,0.09751901484969228,102.98191235059761,0.003408847396497716,1.015219123505976,1,1,0.1348744578201128,0.1331090602378565,0.1322173273604019
Odisha,2019,3W,0.1348744578201128,0.8651255421798394,20857930,0.15590142163512025,-0.12660439603426765,-0.09614665155229452,-0.030457744481973137,0.13892448269295157,0.13613565909445816,0.023783358593582604,0.023473199791174126,-0.0003101588024084778,-0.06234096692111957,1.9162,0.31787499045496237,55064.65517241379,0.049049597592095706,102.21577586206897,-0.00743952477713139,0.9897844827586206,1,1,0.1331090602378565,0.1322173273604019,0.13369715092615098
Odisha,2020,3W,0.1331090602378565,0.8668909397621012,23617040,0.15354746552884696,0.11746045964704988,0.13459166577628667,-0.017131206129236798,0.1348744578201128,0.13892448269295157,-0.030457744481973137,-0.12660439603426765,-0.09614665155229452,-0.20217096336499318,3.7632000000000003,0.2819071689846945,50588.23529411765,-0.08129388741798083,103.0538431372549,0.008199001260987604,1.0274117647058825,0,1,0.1322173273604019,0.13369715092615098,0.13488559544330553
Odisha,2021,3W,0.1322173273604019,0.8677826726395526,21905737,0.15236208231278905,-0.07867435286842461,-0.07150640064731806,-0.007167952221106555,0.1331090602378565,0.1348744578201128,-0.017131206129236798,0.11746045964704988,0.13459166577628667,-0.15646258503401356,3.1744000000000003,0.21001785142845256,47008.54700854701,-0.07076128006360571,102.40713675213675,-0.006275422298000266,1.0017094017094017,1,0,0.13369715092615098,0.13488559544330553,0.13972811045350933
Odisha,2018,4W,0.12398150329069028,0.8760184967092638,21728838,0.14152824652467486,-0.16746763398755027,-0.14678806104352582,-0.02067957294402445,0.1266710259413592,0.12422877163017505,0.028092824383197712,0.2760640705915385,0.24797124620834077,,,,50000.0,-0.06510851419031716,102.01950617283951,-0.009957393039866314,1.0111934156378601,1,1,0.1341702932606553,0.1353240673998381,0.1291708862024183
Odisha,2019,4W,0.1341702932606553,0.8658297067393053,25296233,0.15496134777425133,0.2598499465844881,0.15063758795439774,0.10921235863009038,0.12398150329069028,0.1266710259413592,-0.02067957294402445,-0.16746763398755027,-0.14678806104352582,-0.06234096692111957,1.9162,0.3391805855705765,48534.79853479854,-0.0293040293040292,102.33252747252747,0.0030682495086542527,0.964908424908425,0,0,0.1353240673998381,0.1291708862024183,0.1323697702544133
Odisha,2020,4W,0.1353240673998381,0.8646759326001165,22037499,0.15650246039629329,-0.12133136004888623,-0.1299837961705269,0.008652436121640683,0.1341702932606553,0.12398150329069028,0.10921235863009038,0.2598499465844881,0.15063758795439774,-0.20217096336499318,3.7632000000000003,0.23244567670117297,50612.244897959186,0.0428032345013476,101.96983673469389,-0.003544237074872947,0.9840408163265306,0,1,0.1291708862024183,0.1323697702544133,0.14122120598989193
Odisha,2021,4W,0.1291708862024183,0.8708291137975382,22969549,0.14833075264143838,-0.005099248743546725,0.049710959604666316,-0.05481020834821304,0.1353240673998381,0.1341702932606553,0.008652436121640683,-0.12133136004888623,-0.1299837961705269,-0.15646258503401356,3.1744000000000003,0.2250709119827659,53012.048192771086,0.04741546832491261,103.0922891566265,0.011007690684579963,0.9829718875502008,1,1,0.1323697702544133,0.14122120598989193,0.13553535293869456
Punjab,2018,2W,0.1257295201888589,0.8742704798110938,21119018,0.14381061614411306,-0.2067297968519355,-0.1260941197507799,-0.0806356771011556,0.13676201911722594,0.13231009961320134,0.04313168403272627,0.14968577610057365,0.10655409206784738,,,,50751.07296137339,-0.027657688052663332,102.79351931330471,0.006342614351227072,1.0103004291845494,0,1,0.13131403671575065,0.13436789463517657,0.13560491554011364
Punjab,2019,2W,0.13131403671575065,0.8686859632842002,20326913,0.15116381650220512,0.0052442601243407605,-0.04365476669020474,0.0488990268145455,0.1257295201888589,0.13676201911722594,-0.0806356771011556,-0.2067297968519355,-0.1260941197507799,,0.7331999999999999,0.07386707086765726,49663.677130044845,-0.02142606585197049,102.91466367713005,0.001178521414916256,0.972780269058296,1,0,0.13436789463517657,0.13560491554011364,0.1372217623166309
Punjab,2020,2W,0.13436789463517657,0.8656321053647824,24358795,0.15522499521151426,0.226220951600268,0.19413911344306145,0.032081838157206555,0.13131403671575065,0.1257295201888589,0.0488990268145455,0.0052442601243407605,-0.04365476669020474,10.58974358974359,6.5088,0.8894611784438389,53339.69465648855,0.0740182310064963,102.75522900763359,-0.001549192931307175,0.9766412213740457,0,1,0.13560491554011364,0.1372217623166309,0.13590854272964545
Punjab,2021,2W,0.13560491554011364,0.8643950844598454,24335637,0.1568782158758298,0.00824676753110265,-0.0023783829414693036,0.010625150472571954,0.13436789463517657,0.13131403671575065,0.032081838157206555,0.226220951600268,0.19413911344306145,-0.7560840707964602,1.8521999999999998,0.18104343824025637,53972.86821705427,0.01187058839844135,102.82829457364342,0.0007110642126484379,0.9858527131782946,0,1,0.1372217623166309,0.13590854272964545,0.12923061455069992
Punjab,2018,3W,0.13132538758015938,0.8686746124197965,22652604,0.15117885860101138,-0.061159980395479874,-0.07628394834783248,0.015123967952352602,0.12948376886855553,0.13083251851371258,-0.013097727932472436,0.09290754187834205,0.10600526981081448,,,,49273.858921161824,0.011806721358208483,102.03489626556016,0.002906590196218639,0.9906224066390041,0,0,0.13265254110749106,0.1324871457545072,0.1407533412790005
Punjab,2019,3W,0.13265254110749106,0.867347458892464,22228123,0.15294030876226833,-0.008822257973647218,-0.020237891115759132,0.011415633142111914,0.13132538758015938,0.12948376886855553,0.015123967952352602,-0.061159980395479874,-0.07628394834783248,-0.5555555555555556,0.7331999999999999,0.06886625481606165,53399.12280701754,0.08372114496768246,102.65236842105264,0.006051578215803932,1.0156140350877194,1,1,0.1324871457545072,0.1407533412790005,0.12862407059205982
Punjab,2020,3W,0.1324871457545072,0.8675128542454505,23632270,0.15272049559340165,0.06184424765915675,0.06337257811481267,-0.001528330455655924,0.13265254110749106,0.13132538758015938,0.011415633142111914,-0.008822257973647218,-0.020237891115759132,10.58974358974359,6.5088,0.813384017708835,48582.995951417004,-0.0901911230453325,102.30878542510122,-0.003347053762482455,0.9952631578947368,0,0,0.1407533412790005,0.12862407059205982,0.14085628430533403
Punjab,2021,3W,0.1407533412790005,0.8592466587209582,24180037,0.16380997940514647,0.08701738629409661,0.013429296037743566,0.07358809025635304,0.1324871457545072,0.13265254110749106,-0.001528330455655924,0.06184424765915675,0.06337257811481267,-0.7560840707964602,1.8521999999999998,0.1866092422832808,50389.105058365756,0.03717574578469507,102.31105058365758,2.2140410981696945e-05,1.0023735408560313,0,1,0.12862407059205982,0.14085628430533403,0.13023802855588065
Punjab,2018,4W,0.1358329468677339,0.8641670531322205,21920882,0.15718348575303212,-0.011904619685330964,-0.03499115927932828,0.023086539593997313,0.13308161289799167,0.13747584442978536,-0.04090564260230023,0.06853710029835125,0.10944274290065148,,,,48076.92307692308,-0.05048076923076916,102.1990170940171,-0.011439443327556198,1.0105555555555557,0,0,0.13530215744106502,0.13052789737703688,0.12139816030417605
Punjab,2019,4W,0.13530215744106502,0.8646978425588923,23363929,0.1564731566433778,0.06166488333806863,0.0664844422071249,-0.004819558869056273,0.1358329468677339,0.13308161289799167,0.023086539593997313,-0.011904619685330964,-0.03499115927932828,-0.5555555555555556,0.7331999999999999,0.07116501969621249,49800.0,0.03583999999999987,101.99148,-0.0020307151665281964,1.00716,1,0,0.13052789737703688,0.12139816030417605,0.1376621547200133
Punjab,2020,4W,0.13052789737703688,0.8694721026229166,21485407,0.15012298480916408,-0.11285148947073731,-0.07532528138882555,-0.03752620808191176,0.13530215744106502,0.1358329468677339,-0.004819558869056273,0.06166488333806863,0.0664844422071249,10.58974358974359,6.5088,0.7738424471441245,51054.852320675105,0.025197837764560305,102.0468776371308,0.0005431594593079403,0.9951054852320675,0,1,0.12139816030417605,0.1376621547200133,0.1312520184478716
Punjab,2021,4W,0.12139816030417605,0.8786018396957814,23479425,0.13817182783771845,0.016371866804305357,0.10428285224283407,-0.08791098543852871,0.13052789737703688,0.13530215744106502,-0.03752620808191176,-0.11285148947073731,-0.07532528138882555,-0.7560840707964602,1.8521999999999998,0.2052555950160704,48611.11111111111,-0.04786501377410468,102.42722222222223,0.003727155537711635,1.0171031746031747,0,0,0.1376621547200133,0.1312520184478716,0.1298864469793042
Rajasthan,2018,2W,0.13235574304181016,0.867644256958144,21750216,0.15254591894599054,-0.05527469653278305,-0.04066866001113689,-0.01460603652164616,0.13412757908575096,0.13766843318524605,-0.03016498539308088,-0.014656950337685104,0.015508035055395775,,,,47662.60162601626,-0.06022829925268958,102.17117886178862,-0.0010987758527132296,0.9913821138211382,0,0,0.13207731189635616,0.13806553525545137,0.12810297883102098
Rajasthan,2019,2W,0.13207731189635616,0.8679226881035976,21613750,0.1521761805867327,-0.008364695150630541,-0.005955345243741195,-0.0024093499068893465,0.13235574304181016,0.13412757908575096,-0.01460603652164616,-0.05527469653278305,-0.04066866001113689,,0.086,0.009195310975672466,52350.42735042735,0.09835438193647161,102.86965811965813,0.006836362912229665,1.0063247863247864,1,1,0.13806553525545137,0.12810297883102098,0.13312322686886172
Rajasthan,2020,2W,0.13806553525545137,0.8619344647445029,21793491,0.16018082664271985,0.05403186199813215,0.0013591829528381005,0.052672679045294046,0.13207731189635616,0.13235574304181016,-0.0024093499068893465,-0.008364695150630541,-0.005955345243741195,37.55,5.011500000000001,0.35671736725153325,48986.48648648649,-0.06425813568670713,102.5676126126126,-0.0029361962756226934,1.0156756756756757,1,0,0.12810297883102098,0.13312322686886172,0.1318219431313194
Rajasthan,2021,2W,0.12810297883102098,0.8718970211689356,23035647,0.14692426834422215,-0.019274293519623287,0.06921380808420285,-0.08848810160382614,0.13806553525545137,0.13207731189635616,0.052672679045294046,0.05403186199813215,0.0013591829528381005,0.3398184176394292,6.714500000000001,0.47399473518308993,52100.84033613445,0.06357577513764134,102.95163865546219,0.0037441257826680285,1.0410504201680673,0,1,0.13312322686886172,0.1318219431313194,0.1310729764801617
Rajasthan,2018,3W,0.1285091249365091,0.8714908750634492,23995619,0.14745877570821064,-0.006365576457646127,0.11338699557215981,-0.11975257202980594,0.1418008173919479,0.13960957652805725,0.01883978972638123,0.04896315797834827,0.030123368251967042,,,,53779.06976744186,0.02600549937083474,101.90565891472868,0.0006897280587199184,0.9996511627906978,0,1,0.13438573756473735,0.12970614235908232,0.13267263517927677
Rajasthan,2019,3W,0.13438573756473735,0.8656142624352177,22208830,0.15524880786721887,-0.03213912317067791,-0.08070418831555892,0.048565065144881014,0.1285091249365091,0.1418008173919479,-0.11975257202980594,-0.006365576457646127,0.11338699557215981,-0.9559471365638766,0.086,0.00833485478814493,48987.85425101215,-0.08909071014334169,101.89113360323887,-0.0001425368487334433,1.003157894736842,1,0,0.12970614235908232,0.13267263517927677,0.12503342245537785
Rajasthan,2020,3W,0.12970614235908232,0.8702938576408737,22696296,0.14903700880260218,-0.013637231743478861,0.02747395481131143,-0.04111118655479029,0.13438573756473735,0.1285091249365091,0.048565065144881014,-0.03213912317067791,-0.08070418831555892,37.55,5.011500000000001,0.347159215344906,50819.67213114754,0.037393307139953924,101.12491803278688,-0.0075199435255633995,0.973155737704918,1,1,0.13267263517927677,0.12503342245537785,0.14397480210672137
Rajasthan,2021,3W,0.13267263517927677,0.867327364820679,22528896,0.152967019828421,0.01532653339216794,-0.010759122654524833,0.026085656046692773,0.12970614235908232,0.13438573756473735,-0.04111118655479029,-0.013637231743478861,0.02747395481131143,0.3398184176394292,6.714500000000001,0.4551403451668323,48668.03278688525,-0.04233870967741937,102.68459016393443,0.015423222698107697,0.9897131147540984,0,0,0.12503342245537785,0.14397480210672137,0.12947241331462755
Rajasthan,2018,4W,0.13346455633024662,0.8665354436697142,25481814,0.1540207077327696,0.13668940433850696,0.09557290384911554,0.04111650048939142,0.1292608890797632,0.1415941428671828,-0.10126667267968104,-0.08893642547852931,0.012330247201151723,,,,51714.80144404332,0.07229057688057172,102.39620938628158,-0.005115177661254688,0.9832851985559566,0,1,0.12790752547184278,0.12721357644223222,0.1435780179582764
Rajasthan,2019,4W,0.12790752547184278,0.8720924745281107,21466149,0.14666721998012136,-0.19266468857388253,-0.1521871282844287,-0.04047756028945382,0.13346455633024662,0.1292608890797632,0.04111650048939142,0.13668940433850696,0.09557290384911554,-0.9559471365638766,0.086,0.00784873478479643,47090.51724137931,-0.08941896852620801,102.44896551724138,0.0005152156635093164,0.9967672413793104,1,0,0.12721357644223222,0.1435780179582764,0.12860880398471417
Rajasthan,2020,4W,0.12721357644223222,0.8727864235577282,25217505,0.14575551045828974,0.16838330148939318,0.17569161068471217,-0.007308309195318996,0.12790752547184278,0.13346455633024662,-0.04047756028945382,-0.19266468857388253,-0.1521871282844287,37.55,5.011500000000001,0.35917015187066387,48523.9852398524,0.030440693422952636,102.52335793357935,0.0007261412154078162,0.9959778597785979,1,0,0.1435780179582764,0.12860880398471417,0.13097670789360227
Rajasthan,2021,4W,0.1435780179582764,0.8564219820416784,22097547,0.16764848791889272,-0.010999657419913711,-0.14015182355834044,0.12915216613842673,0.12721357644223222,0.12790752547184278,-0.007308309195318996,0.16838330148939318,0.17569161068471217,0.3398184176394292,6.714500000000001,0.4096360839783174,54726.89075630252,0.12783174106144357,102.79340336134455,0.0026339892996887215,1.0114285714285713,0,1,0.12860880398471417,0.13097670789360227,0.12493984605208558
Tamil Nadu,2018,2W,0.12510895160759664,0.8748910483923584,22226611,0.14299930127092622,0.06357878310359077,0.07103048663548761,-0.007451703531896836,0.12587516148920055,0.1345345783720102,-0.06942737465582538,-0.12656245406512,-0.05713507940929463,,,,52224.57627118644,0.0754217983861627,102.43656779661016,-0.004914920645471499,0.9823305084745764,1,1,0.1255773716217243,0.12734207860675223,0.13352080149659448
Tamil Nadu,2019,2W,0.1255773716217243,0.8744226283782356,24905753,0.143611594593605,0.1247329855132504,0.11993764432054266,0.004795341192707747,0.12510895160759664,0.12587516148920055,-0.007451703531896836,0.06357878310359077,0.07103048663548761,,2.9204000000000003,0.4692573238136677,48448.90510948905,-0.07229682711242047,101.8043795620438,-0.006171509336603154,1.0401824817518248,0,0,0.12734207860675223,0.13352080149659448,0.12884650834750844
Tamil Nadu,2020,2W,0.12734207860675223,0.872657921393202,21806751,0.14592422707768837,-0.11212498789007164,-0.1261961872434183,0.014071199353346664,0.1255773716217243,0.12510895160759664,0.004795341192707747,0.1247329855132504,0.11993764432054266,-0.4736337488015341,2.196,0.22043099832378849,49684.87394957983,0.025510769279463164,102.61428571428571,0.007955513856339635,1.017310924369748,1,0,0.13352080149659448,0.12884650834750844,0.13357884841990367
Tamil Nadu,2021,2W,0.13352080149659448,0.8664791985033624,23147397,0.15409561779625175,0.11298213090272413,0.05396284591867695,0.05901928498404718,0.12734207860675223,0.1255773716217243,0.014071199353346664,-0.11212498789007164,-0.1261961872434183,0.1766848816029143,3.23,0.29623853626969077,52208.83534136546,0.05079939207145712,102.64827309236946,0.0003312148776086765,1.010441767068273,1,1,0.12884650834750844,0.13357884841990367,0.13082395489906956
Tamil Nadu,2018,3W,0.14296929859406654,0.8570307014058822,19471649,0.1668191484160253,-0.13990951255170403,-0.202321164108747,0.06241165155704298,0.1339848838912725,0.13307013738154064,0.007911649265767706,0.004629744588078077,-0.003281904677689629,,,,52441.86046511628,0.007821229050279488,101.48776744186046,-0.006414704421412676,0.9958604651162791,1,1,0.12958465563898072,0.12992742898957574,0.13697946774734196
Tamil Nadu,2019,3W,0.12958465563898072,0.8704153443609751,22592482,0.14887663412859806,0.05165188616619876,0.17839630278429142,-0.12674441661809266,0.14296929859406654,0.1339848838912725,0.06241165155704298,-0.13990951255170403,-0.202321164108747,0.2781862745098038,2.9204000000000003,0.5356505755954976,47448.97959183674,-0.09520792796054123,103.08975510204083,0.015785032034506985,0.998530612244898,0,0,0.12992742898957574,0.13697946774734196,0.13080930730051715
Tamil Nadu,2020,3W,0.12992742898957574,0.8700725710103807,22914384,0.14932924446687462,0.016931049217475236,0.013848775705964211,0.0030822735115110245,0.12958465563898072,0.14296929859406654,-0.12674441661809266,0.05165188616619876,0.17839630278429142,-0.4736337488015341,2.196,0.24300118940318235,52723.735408560315,0.11116689678256142,102.13311284046692,-0.009279702533263379,1.0011284046692608,1,1,0.13697946774734196,0.13080930730051715,0.13389133429008435
Tamil Nadu,2021,3W,0.13697946774734196,0.8630205322526162,23882718,0.1587207996882823,0.09882920468748058,0.03381115591239414,0.06501804877508643,0.12992742898957574,0.12958465563898072,0.0030822735115110245,0.016931049217475236,0.013848775705964211,0.1766848816029143,3.23,0.28191899014962873,49127.90697674418,-0.06820132154809933,102.76682170542635,0.006204734657889954,0.9856589147286822,1,0,0.13080930730051715,0.13389133429008435,0.13694261062989158
Tamil Nadu,2018,4W,0.12736030281456429,0.8726396971853967,25570236,0.14594815853231513,-0.031482305385410636,0.02143392300364222,-0.052916228389052855,0.13339060117868248,0.1313213701983686,0.020849340443468423,0.16752910670008792,0.1466797662566195,,,,48550.72463768116,-0.03786132527885955,102.3283695652174,0.004753228363028716,0.9817753623188407,1,0,0.1347398298615259,0.14307339824514723,0.13216700561285954
Tamil Nadu,2019,4W,0.1347398298615259,0.8652601701384316,23466298,0.15572157229703157,-0.02910613507877613,-0.09004148724883199,0.060935352170055856,0.12736030281456429,0.13339060117868248,-0.052916228389052855,-0.031482305385410636,0.02143392300364222,0.2781862745098038,2.9204000000000003,0.40789611781138974,48950.38167938931,0.008231742053093294,102.3807251908397,0.0005116433091307826,1.0110687022900762,0,0,0.14307339824514723,0.13216700561285954,0.13540621026670466
Tamil Nadu,2020,4W,0.14307339824514723,0.8569266017548068,21750738,0.16696089372330067,-0.015779710896644206,-0.0820345665061748,0.0662548556095306,0.1347398298615259,0.12736030281456429,0.060935352170055856,-0.02910613507877613,-0.09004148724883199,-0.4736337488015341,2.196,0.2339525389842264,49893.16239316239,0.019259925692674207,101.84470085470086,-0.005235598157169452,1.0032905982905984,1,0,0.13216700561285954,0.13540621026670466,0.13408936655025766
Tamil Nadu,2021,4W,0.13216700561285954,0.8678329943870952,22033487,0.15229526207509542,-0.06422078489642513,0.025892297921120022,-0.09011308281754515,0.14307339824514723,0.1347398298615259,0.0662548556095306,-0.015779710896644206,-0.0820345665061748,0.1766848816029143,3.23,0.29700141655101475,53150.40650406504,0.06528437875385174,102.18560975609756,0.003347340593430337,0.9995934959349594,1,1,0.13540621026670466,0.13408936655025766,0.1344294339790073
Telangana,2018,2W,0.13832798794980097,0.861672012050158,24306332,0.1605342003466959,0.04079513158965953,0.003906947832954755,0.03688818375670477,0.13408268679795549,0.12915749718639588,0.049269513840504375,0.16806670123363587,0.1187971873931315,,,,54000.0,-0.03630769230769226,101.75544000000001,0.00468405086563517,0.9810800000000001,0,1,0.13503428707005427,0.1366347297303707,0.13623084770453286
Telangana,2019,2W,0.13503428707005427,0.8649657129298999,21777743,0.15611501003622777,-0.12536381930411988,-0.10060524961557171,-0.02475856968854817,0.13832798794980097,0.13408268679795549,0.03688818375670477,0.04079513158965953,0.003906947832954755,,0.8658,0.09627121027711165,50210.97046413502,-0.0701672136271293,103.04607594936708,0.012683704668439155,0.9786497890295358,1,1,0.1366347297303707,0.13623084770453286,0.126951240058794
Telangana,2020,2W,0.1366347297303707,0.8633652702695884,24454339,0.15825812802219633,0.13621392152048695,0.1208274077173963,0.01538651380309064,0.13503428707005427,0.13832798794980097,-0.02475856968854817,-0.12536381930411988,-0.10060524961557171,2.2094017094017095,2.6285,0.3448474893174892,49023.4375,-0.02365086659663862,103.7628515625,0.006955874898963765,1.008203125,0,0,0.13623084770453286,0.126951240058794,0.13488550988042297
Telangana,2021,2W,0.13623084770453286,0.8637691522954161,19536170,0.1577165491797879,-0.20347785540530183,-0.20074269786137255,-0.0027351575439292786,0.1366347297303707,0.13503428707005427,0.01538651380309064,0.13621392152048695,0.1208274077173963,-0.4913448735019973,1.4134,0.15620949715459106,46460.176991150445,-0.05228642950322593,103.2387610619469,-0.00505084905301989,1.0016814159292036,1,0,0.126951240058794,0.13488550988042297,0.13246482069784385
Telangana,2018,3W,0.1344465875365705,0.8655534124633861,23017624,0.15533002385596148,-0.02961628552345652,-0.010124728961604879,-0.019491556561851642,0.13677776547808027,0.14365219064406792,-0.05478475580856901,-0.06655434803924865,-0.011769592230679637,,,,51778.242677824266,0.04598301103693281,102.31527196652719,-0.0022641053700016567,1.0219665271966527,0,1,0.1277337370292579,0.13000975528777906,0.13366217608122166
Telangana,2019,3W,0.1277337370292579,0.8722662629706961,21684968,0.14643876074660056,-0.10493591986921913,-0.05059066707028759,-0.05434525279893154,0.1344465875365705,0.13677776547808027,-0.019491556561851642,-0.02961628552345652,-0.010124728961604879,-0.7497326203208556,0.8658,0.1016612313670337,48206.75105485232,-0.06897668669820567,102.48392405063291,0.0016483568959371198,0.9963713080168776,1,0,0.13000975528777906,0.13366217608122166,0.12733681727123639
Telangana,2020,3W,0.13000975528777906,0.869990244712182,25613801,0.14943800420749062,0.2022244830322517,0.17809565137124017,0.02412883166101154,0.1277337370292579,0.1344465875365705,-0.05434525279893154,-0.10493591986921913,-0.05059066707028759,2.2094017094017095,2.6285,0.34632285353322967,45206.76691729324,-0.06223161843339198,102.32398496240602,-0.0015606261148614076,1.0059774436090225,0,0,0.13366217608122166,0.12733681727123639,0.14119436370417582
Telangana,2021,3W,0.13366217608122166,0.8663378239187356,23328881,0.15428395033322373,-0.06361927950501556,-0.09303031800248052,0.02941103849746496,0.13000975528777906,0.1277337370292579,0.02412883166101154,0.2022244830322517,0.17809565137124017,-0.4913448735019973,1.4134,0.14913834922464717,52710.843373493975,0.1659945394885154,103.03963855421686,0.006993996491377663,0.9919277108433735,0,1,0.12733681727123639,0.14119436370417582,0.13852320742321994
Telangana,2018,4W,0.1285036043814716,0.871496395618487,24116343,0.14745150705846316,0.000870381889339189,0.04918508254955101,-0.04831470066021182,0.13387635471602674,0.13531584564329546,-0.012869583723057465,0.03494422748075077,0.04781381120380823,,,,53383.45864661654,0.0634491366756813,103.53676691729324,0.011151395745925052,0.9995864661654135,0,1,0.12535034991645053,0.11580050128953123,0.13222447121673686
Telangana,2019,4W,0.12535034991645053,0.8746496500835039,21916660,0.14331476219046219,-0.11351139079656036,-0.08792311440866873,-0.02558827638789163,0.1285036043814716,0.13387635471602674,-0.04831470066021182,0.000870381889339189,0.04918508254955101,-0.7497326203208556,0.8658,0.09702963666712253,51331.96721311475,-0.03842934657123065,102.21684426229508,-0.012748347222900303,0.9945901639344262,1,1,0.11580050128953123,0.13222447121673686,0.1352573277168413
Telangana,2020,4W,0.11580050128953123,0.8841994987104246,22609289,0.1309663379046067,-0.046990074841815166,0.04286639346387444,-0.08985646830568961,0.12535034991645053,0.1285036043814716,-0.02558827638789163,-0.11351139079656036,-0.08792311440866873,2.2094017094017095,2.6285,0.3426617010335235,50395.25691699605,-0.018248088802631846,101.90083003952569,-0.003091606134488778,1.017312252964427,0,1,0.13222447121673686,0.1352573277168413,0.13608703323418367
Telangana,2021,4W,0.13222447121673686,0.8677755287832164,21373502,0.15237156898232784,0.07941930365786454,-0.07221805759576672,0.15163736125363125,0.11580050128953123,0.12535034991645053,-0.08985646830568961,-0.046990074841815166,0.04286639346387444,-0.4913448735019973,1.4134,0.16895710423757374,48559.670781893,-0.03642378762204479,103.19707818930041,0.012720682935280614,0.9803292181069959,0,0,0.1352573277168413,0.13608703323418367,0.14239423445517482
Uttar Pradesh,2018,2W,0.13984907752681422,0.860150922473142,22757247,0.16258648486736477,0.14588505288581155,0.09201749801620429,0.05386755486960726,0.13415681320890402,0.13174777249554273,0.019844877416846818,-0.04046036084839166,-0.06030523826523848,,,,50413.223140495866,0.028208155480882846,101.72086776859504,-0.00763550952767611,1.0526446280991737,1,1,0.13155897925731022,0.13410824052697218,0.12563785209569933
Uttar Pradesh,2019,2W,0.13155897925731022,0.8684410207426437,21706979,0.15148850022803853,-0.10269404068397336,-0.03695776791503014,-0.06573627276894323,0.13984907752681422,0.13415681320890402,0.05386755486960726,0.14588505288581155,0.09201749801620429,,3.2946000000000004,0.2838656185944347,51582.27848101266,0.023189458393857665,102.12620253164557,0.003984774923200929,0.9877215189873418,1,1,0.13410824052697218,0.12563785209569933,0.13768506935133168
Uttar Pradesh,2020,2W,0.13410824052697218,0.8658917594729824,21967964,0.15487857943124034,0.03163339342266891,0.009052353132800617,0.022581040289868293,0.13155897925731022,0.13984907752681422,-0.06573627276894323,-0.10269404068397336,-0.03695776791503014,0.5804953560371517,6.636500000000001,0.4703556397827834,53043.47826086957,0.0283275540144039,102.31130434782608,0.0018124811418807063,0.9887391304347826,1,1,0.12563785209569933,0.13768506935133168,0.13602092419043907
Uttar Pradesh,2021,2W,0.12563785209569933,0.8743621479042566,22625347,0.1436906992212997,-0.035126277755054613,0.03999962359133913,-0.07512590134639374,0.13410824052697218,0.13155897925731022,0.022581040289868293,0.03163339342266891,0.009052353132800617,0.20470127326150833,3.321,0.5599062341144103,50401.60642570281,-0.04980578049904538,102.62614457831326,0.0030772770662450544,0.9936947791164659,0,1,0.13768506935133168,0.13602092419043907,0.1313881225344898
Uttar Pradesh,2018,3W,0.1386954408959263,0.86130455910402,18611376,0.16102931117756322,-0.2533889169609411,-0.2307240873450579,-0.02266482961588323,0.1423066468350604,0.1278593380014369,0.14731473263312767,0.2655256324566264,0.11821089982349875,,,,48522.16748768473,-0.02576585591132996,103.05793103448275,0.007610112507758782,0.9841871921182266,1,0,0.1284214658496296,0.12903883314580195,0.13167445212023104
Uttar Pradesh,2019,3W,0.1284214658496296,0.8715785341503236,21347210,0.147343370074452,0.062033159093840995,0.16067978023542384,-0.09864662114158285,0.1386954408959263,0.1423066468350604,-0.02266482961588323,-0.2533889169609411,-0.2307240873450579,3.75,3.2946000000000004,0.3470995372147123,47598.25327510917,-0.019041074634805977,101.9624017467249,-0.01063022784138079,1.017947598253275,1,0,0.12903883314580195,0.13167445212023104,0.1356010514258611
Uttar Pradesh,2020,3W,0.12903883314580195,0.8709611668541499,20733216,0.1481566456691001,-0.02409317730827598,-0.029450218937458694,0.005357041629182713,0.1284214658496296,0.1386954408959263,-0.09864662114158285,0.062033159093840995,0.16067978023542384,0.5804953560371517,6.636500000000001,0.4782826418636053,54260.089686098654,0.13995968239601764,101.86116591928251,-0.000992874095824603,0.9883408071748879,1,1,0.13167445212023104,0.1356010514258611,0.12955326215406596
Uttar Pradesh,2021,3W,0.13167445212023104,0.8683255478797293,25137906,0.15164162888000182,0.2372102758850112,0.20877706984218358,0.02843320604282762,0.12903883314580195,0.1284214658496296,0.005357041629182713,-0.02409317730827598,-0.029450218937458694,0.20470127326150833,3.321,0.5932509454426892,50375.93984962406,-0.07158391847387058,102.86127819548872,0.009818386302378634,0.9932330827067669,0,1,0.1356010514258611,0.12955326215406596,0.1250723624164877
Uttar Pradesh,2018,4W,0.12451811907425948,0.8754818809256967,22762366,0.14222793133613254,-0.06326093006069922,0.035013598030652515,-0.09827452809135173,0.1358073781210569,0.13487577654360014,0.007969199858682496,0.00504692839566534,-0.0029222714630171565,,,,52549.01960784314,0.08114097736224735,102.77921568627451,0.0047994981323074,1.0063529411764707,1,1,0.13367251981996767,0.13434929592694478,0.14218407042454964
Uttar Pradesh,2019,4W,0.13367251981996767,0.8663274801799877,22388274,0.15429773218605947,0.0558756981816142,-0.026719237151232034,0.08259493533284623,0.12451811907425948,0.1358073781210569,-0.09827452809135173,-0.06326093006069922,0.035013598030652515,3.75,3.2946000000000004,0.2838017804107878,55416.666666666664,0.05457089552238803,101.78583333333333,-0.009665206591704334,0.9739583333333334,1,1,0.13434929592694478,0.14218407042454964,0.1321733193588259
Uttar Pradesh,2020,4W,0.13434929592694478,0.8656507040730135,23933099,0.1552001749604516,0.07441381469624231,0.0681664175291099,0.006247397167132407,0.13367251981996767,0.12451811907425948,0.08259493533284623,0.0558756981816142,-0.026719237151232034,0.5804953560371517,6.636500000000001,0.45604230122606043,50000.0,-0.09774436090225558,102.60372549019608,0.008035422318391605,0.9849019607843138,1,1,0.14218407042454964,0.1321733193588259,0.13080260499051108
Uttar Pradesh,2021,4W,0.14218407042454964,0.8578159295754103,24918354,0.16575106590041983,0.10188421640265033,0.031743720250081875,0.07014049615256845,0.13434929592694478,0.13367251981996767,0.006247397167132407,0.07441381469624231,0.0681664175291099,0.20470127326150833,3.321,0.5139326083454832,53636.36363636364,0.07272727272727275,102.12352727272727,-0.004680124578075762,0.9689454545454544,0,1,0.1321733193588259,0.13080260499051108,0.12440272654944831
West Bengal,2018,2W,0.13569781132150524,0.8643021886784509,22746557,0.15700255778182634,0.05748352702123527,-0.027974551590392083,0.08545807861162735,0.1261146942642012,0.13238513839056434,-0.05723658815169097,-0.0012239738739576733,0.0560126142777333,,,,50922.13114754098,0.028942031434848747,103.84159836065574,0.010986476239777554,1.0027868852459016,1,1,0.12567441903877966,0.1446287874240945,0.13730337329587633
West Bengal,2019,2W,0.12567441903877966,0.8743255809611746,21855848,0.1437385317745022,-0.11013108676115069,-0.028014996414783222,-0.08211609034636747,0.13569781132150524,0.1261146942642012,0.08545807861162735,0.05748352702123527,-0.027974551590392083,,3.5100000000000002,0.2857575323220312,53719.00826446281,0.05492458885544682,102.71520661157025,-0.010847211203099727,1.0361157024793388,0,1,0.1446287874240945,0.13730337329587633,0.13713694667492052
West Bengal,2020,2W,0.1446287874240945,0.8553712125758537,19260716,0.16908286860121602,0.014174355531559213,-0.13784329341680546,0.15201764894836467,0.12567441903877966,0.13569781132150524,-0.08211609034636747,-0.11013108676115069,-0.028014996414783222,-0.6830769230769231,1.2154,0.09425394974642304,49519.230769230766,-0.07818047337278122,102.85990384615386,0.0014087226162216027,1.0158653846153847,0,0,0.13730337329587633,0.13713694667492052,0.12703403682582828
West Bengal,2021,2W,0.13730337329587633,0.8626966267040825,24268639,0.15915584910142952,0.19618804058221162,0.2707978276500569,-0.07460978706784527,0.1446287874240945,0.12567441903877966,0.15201764894836467,0.014174355531559213,-0.13784329341680546,0.024271844660194164,1.0339,0.10954940610227085,50301.20481927711,0.015791320622295046,102.83232931726907,-0.0002680785014734788,1.010722891566265,0,1,0.13713694667492052,0.12703403682582828,0.13431761835121064
West Bengal,2018,3W,0.13195539014827137,0.8680446098516852,22987837,0.1520143511477667,0.02317187196425108,0.02999616689779172,-0.006824294933540642,0.13271869200188824,0.12977423209425618,0.027336639128854756,0.0722683969531912,0.04493175782433645,,,,49696.356275303646,-0.04061088271614588,102.48344129554656,0.00024401401725970828,0.9959109311740891,1,0,0.13476682217303376,0.13604958773173903,0.1364106957136919
West Bengal,2019,3W,0.13476682217303376,0.8652331778269179,20676966,0.15575762680978214,-0.08136168069232597,-0.1034390393169089,0.022077358624582932,0.13195539014827137,0.13271869200188824,-0.006824294933540642,0.02317187196425108,0.02999616689779172,0.28712871287128716,3.5100000000000002,0.2827582254551578,49245.68965517241,-0.00906840368003381,102.62491379310345,0.0013804424965484507,0.9974999999999999,0,0,0.13604958773173903,0.1364106957136919,0.12873364216455083
West Bengal,2020,3W,0.13604958773173903,0.8639504122682184,23506782,0.15747365627258408,0.14767945814368844,0.13517290868391574,0.012506549459772698,0.13476682217303376,0.13195539014827137,0.022077358624582932,-0.08136168069232597,-0.1034390393169089,-0.6830769230769231,1.2154,0.0996277693257184,50478.927203065134,0.02504254801847794,101.97421455938698,-0.006340558151681441,0.9840613026819922,0,1,0.1364106957136919,0.12873364216455083,0.13570954247336486
West Bengal,2021,3W,0.1364106957136919,0.863589304286266,23692519,0.1579576507941826,0.010576632037642586,0.007480146187637704,0.003096485850004882,0.13604958773173903,0.13476682217303376,0.012506549459772698,0.14767945814368844,0.13517290868391574,0.024271844660194164,1.0339,0.08976132926669363,48884.75836431227,-0.03158087794417441,102.17014869888476,0.0019214086653609463,1.0033828996282528,0,0,0.12873364216455083,0.13570954247336486,0.13707104025381597
West Bengal,2018,4W,0.12887539552238178,0.8711246044775665,19271033,0.14794123242384918,-0.2972345092677273,-0.2206532197720399,-0.07658128949568743,0.140939799130758,0.12806080305242185,0.13447279141593804,0.28313472612538026,0.14866193470944222,,,,55862.83185840708,0.15684447076858765,102.8262389380531,0.001753997940726837,0.9988053097345132,1,1,0.12806067032824148,0.12655097931834158,0.12864163634956566
West Bengal,2019,4W,0.12806067032824148,0.8719393296717154,23154119,0.14686861700324857,0.1939029506813199,0.2026223008814132,-0.00871935020009329,0.12887539552238178,0.140939799130758,-0.07658128949568743,-0.2972345092677273,-0.2206532197720399,0.28712871287128716,3.5100000000000002,0.3372938023938344,51544.401544401546,-0.07730417829427727,101.68907335907336,-0.011059099221404134,0.9966409266409266,0,1,0.12655097931834158,0.12864163634956566,0.12815309989684961
West Bengal,2020,4W,0.12655097931834158,0.8734490206816147,22814134,0.14488634303263845,-0.026299335071760743,-0.012977570395186211,-0.013321764676574532,0.12806067032824148,0.12887539552238178,-0.00871935020009329,0.1939029506813199,0.2026223008814132,-0.6830769230769231,1.2154,0.08896905121332016,50691.69960474308,-0.016543056357418928,102.02498023715415,0.003303274058705119,1.0195652173913043,0,1,0.12864163634956566,0.12815309989684961,0.12942654796983963
West Bengal,2021,4W,0.12864163634956566,0.8713583636503882,21653075,0.14763327476122698,-0.035212567683505336,-0.053163843217008844,0.017951275533503508,0.12655097931834158,0.12806067032824148,-0.013321764676574532,-0.026299335071760743,-0.012977570395186211,0.024271844660194164,1.0339,0.09248652607524506,49574.46808510638,-0.022039732901994902,103.05489361702128,0.010094717759054017,1.0252765957446808,0,0,0.12815309989684961,0.12942654796983963,0.1312738867126442
